"","X.date","X.location","X.money","X.organization","X.percent","X.person","X.time","DOC.CLASS"
"1",4,14,0,25,0,27,0,"tabloid"
"2",6,2,2,5,0,22,0,"tabloid"
"3",6,8,0,18,0,32,2,"tabloid"
"4",3,6,0,11,0,27,0,"tabloid"
"5",1,0,0,17,0,15,0,"tabloid"
"6",5,2,4,21,0,10,0,"tabloid"
"7",4,1,0,15,0,41,0,"tabloid"
"8",3,14,0,0,0,26,0,"tabloid"
"9",10,1,0,23,0,29,2,"tabloid"
"10",6,4,0,21,0,12,0,"tabloid"
"11",10,8,0,11,0,63,0,"tabloid"
"12",4,1,0,32,0,12,0,"tabloid"
"13",0,0,0,12,0,20,0,"tabloid"
"14",2,16,0,16,0,12,0,"tabloid"
"15",1,2,6,24,0,23,1,"tabloid"
"16",8,1,2,5,0,10,0,"tabloid"
"17",5,2,3,5,0,17,0,"tabloid"
"18",14,0,8,10,0,6,0,"tabloid"
"19",5,4,0,11,2,17,2,"tabloid"
"20",4,1,0,19,0,28,0,"tabloid"
"21",21,5,2,15,0,19,0,"tabloid"
"22",3,6,0,6,0,24,1,"tabloid"
"23",6,3,3,14,0,11,0,"tabloid"
"24",2,6,0,2,0,23,0,"tabloid"
"25",1,6,0,25,0,43,3,"tabloid"
"26",5,5,0,3,0,39,0,"tabloid"
"27",5,6,0,24,0,17,0,"tabloid"
"28",6,2,0,7,0,16,1,"tabloid"
"29",2,4,0,12,0,28,2,"tabloid"
"30",1,1,0,13,0,20,0,"tabloid"
"31",12,13,0,0,0,28,0,"tabloid"
"32",0,2,0,10,0,21,0,"tabloid"
"33",7,2,0,12,0,13,0,"tabloid"
"34",4,2,0,20,0,5,1,"tabloid"
"35",2,8,19,6,0,31,0,"tabloid"
"36",2,3,0,18,0,15,0,"tabloid"
"37",4,0,0,21,0,29,2,"tabloid"
"38",6,3,0,13,0,9,0,"tabloid"
"39",1,2,3,42,6,23,0,"tabloid"
"40",7,12,0,11,0,25,0,"tabloid"
"41",8,3,0,6,0,27,0,"tabloid"
"42",6,0,2,12,0,31,0,"tabloid"
"43",2,7,0,4,0,19,0,"tabloid"
"44",0,3,0,15,0,13,0,"tabloid"
"45",8,5,12,14,0,53,0,"tabloid"
"46",2,3,0,5,0,16,0,"tabloid"
"47",0,4,0,12,0,23,0,"tabloid"
"48",2,7,0,9,0,20,0,"tabloid"
"49",3,2,3,9,0,36,1,"tabloid"
"50",0,0,0,3,0,9,4,"tabloid"
"51",4,1,0,10,0,28,0,"tabloid"
"52",2,14,0,9,0,22,0,"tabloid"
"53",1,1,0,14,0,13,0,"tabloid"
"54",6,3,0,12,0,27,0,"tabloid"
"55",1,0,0,0,0,17,1,"tabloid"
"56",4,5,0,24,0,8,0,"tabloid"
"57",4,0,2,11,0,17,1,"tabloid"
"58",16,6,0,3,0,28,1,"tabloid"
"59",12,11,38,16,0,7,0,"tabloid"
"60",0,0,0,10,0,15,0,"tabloid"
"61",15,3,0,6,0,21,1,"tabloid"
"62",9,10,10,33,0,6,0,"tabloid"
"63",8,5,0,8,0,23,0,"tabloid"
"64",2,0,0,3,0,31,2,"tabloid"
"65",10,1,2,4,0,20,0,"tabloid"
"66",0,7,0,25,0,8,0,"tabloid"
"67",12,6,8,16,0,4,1,"tabloid"
"68",4,2,6,13,0,21,0,"tabloid"
"69",5,9,15,32,0,57,0,"tabloid"
"70",7,5,3,0,0,15,0,"tabloid"
"71",4,1,0,15,0,10,0,"tabloid"
"72",6,8,0,13,0,26,0,"tabloid"
"73",10,0,0,7,0,26,0,"tabloid"
"74",2,7,0,14,0,11,0,"tabloid"
"75",4,8,0,11,0,21,0,"tabloid"
"76",18,15,0,22,0,32,2,"tabloid"
"77",10,2,0,5,0,17,2,"tabloid"
"78",7,11,0,8,0,37,1,"tabloid"
"79",14,8,0,7,0,27,0,"tabloid"
"80",1,4,0,17,0,22,0,"tabloid"
"81",1,8,0,13,0,17,1,"tabloid"
"82",9,3,0,16,0,24,0,"tabloid"
"83",0,5,5,7,0,5,0,"tabloid"
"84",5,2,0,7,0,44,0,"tabloid"
"85",3,5,0,9,0,17,0,"tabloid"
"86",0,2,0,2,0,22,0,"tabloid"
"87",1,1,3,22,0,9,0,"tabloid"
"88",6,10,0,14,0,21,0,"tabloid"
"89",5,7,0,11,0,2,1,"tabloid"
"90",3,4,0,17,0,23,0,"tabloid"
"91",3,2,0,6,0,18,3,"tabloid"
"92",4,3,0,12,2,40,0,"tabloid"
"93",5,2,0,10,0,33,0,"tabloid"
"94",2,4,0,35,0,12,0,"tabloid"
"95",2,1,0,0,0,21,0,"tabloid"
"96",5,10,3,35,0,12,3,"tabloid"
"97",1,1,12,10,0,24,0,"tabloid"
"98",0,6,4,49,0,14,0,"tabloid"
"99",6,8,0,10,0,18,1,"tabloid"
"100",4,4,0,21,0,25,2,"tabloid"
"101",11,2,0,17,0,16,0,"tabloid"
"102",1,0,0,4,0,19,1,"tabloid"
"103",4,2,0,2,4,31,1,"tabloid"
"104",9,5,12,18,0,12,0,"tabloid"
"105",2,1,0,5,0,26,0,"tabloid"
"106",25,11,16,3,0,39,2,"tabloid"
"107",3,2,0,4,0,8,0,"tabloid"
"108",6,0,0,0,0,42,0,"tabloid"
"109",5,4,0,2,0,39,0,"tabloid"
"110",5,5,0,0,0,21,0,"tabloid"
"111",1,5,0,14,0,20,0,"tabloid"
"112",2,1,0,12,0,13,0,"tabloid"
"113",0,7,3,7,0,7,0,"tabloid"
"114",0,0,0,14,0,24,0,"tabloid"
"115",2,13,2,10,0,21,0,"tabloid"
"116",2,2,3,7,0,14,0,"tabloid"
"117",5,0,0,3,0,20,0,"tabloid"
"118",0,0,0,7,0,23,0,"tabloid"
"119",1,10,0,13,0,23,0,"tabloid"
"120",1,4,3,6,0,33,0,"tabloid"
"121",10,3,6,12,0,14,0,"tabloid"
"122",1,0,0,6,2,18,0,"tabloid"
"123",5,3,0,21,0,20,0,"tabloid"
"124",2,1,0,0,0,14,0,"tabloid"
"125",2,10,0,0,0,7,0,"tabloid"
"126",2,6,0,6,0,11,0,"tabloid"
"127",0,5,0,3,0,20,0,"tabloid"
"128",2,0,6,18,0,26,0,"tabloid"
"129",0,1,0,11,0,22,0,"tabloid"
"130",6,1,0,0,0,15,0,"tabloid"
"131",0,0,0,8,0,13,0,"tabloid"
"132",5,9,3,11,0,34,0,"tabloid"
"133",9,11,20,8,2,15,0,"tabloid"
"134",3,0,0,10,0,18,0,"tabloid"
"135",3,6,0,4,0,52,0,"tabloid"
"136",13,9,14,30,4,18,0,"tabloid"
"137",4,4,0,5,0,26,0,"tabloid"
"138",6,1,0,7,0,28,0,"tabloid"
"139",0,2,0,18,0,8,0,"tabloid"
"140",6,3,0,22,0,51,0,"tabloid"
"141",5,1,3,8,2,46,0,"tabloid"
"142",5,6,2,24,0,16,0,"tabloid"
"143",4,6,6,5,0,1,1,"tabloid"
"144",1,3,0,30,0,19,0,"tabloid"
"145",3,2,2,6,0,26,0,"tabloid"
"146",5,2,0,6,0,18,0,"tabloid"
"147",13,5,0,16,2,7,0,"tabloid"
"148",1,10,0,16,0,26,0,"tabloid"
"149",3,8,0,12,0,30,0,"tabloid"
"150",8,13,0,14,0,0,1,"tabloid"
"151",3,8,5,31,0,56,0,"tabloid"
"152",0,3,2,10,0,27,0,"tabloid"
"153",13,4,0,0,0,35,0,"tabloid"
"154",1,4,0,7,0,17,0,"tabloid"
"155",3,0,0,4,0,4,0,"tabloid"
"156",8,0,0,7,0,10,0,"tabloid"
"157",4,1,2,7,0,31,0,"tabloid"
"158",2,5,0,18,0,11,0,"tabloid"
"159",7,3,2,27,0,27,0,"tabloid"
"160",11,6,0,7,0,25,4,"tabloid"
"161",3,4,0,13,0,29,2,"tabloid"
"162",7,4,0,17,0,23,0,"tabloid"
"163",1,4,0,22,0,18,1,"tabloid"
"164",6,3,0,13,0,25,0,"tabloid"
"165",0,2,2,9,0,33,0,"tabloid"
"166",0,3,0,3,0,11,0,"tabloid"
"167",6,5,0,37,0,44,0,"tabloid"
"168",7,6,9,12,0,31,0,"tabloid"
"169",5,10,0,30,0,18,1,"tabloid"
"170",17,7,9,34,0,88,0,"tabloid"
"171",3,1,0,19,0,13,0,"tabloid"
"172",1,4,0,19,0,14,0,"tabloid"
"173",1,4,2,27,0,7,0,"tabloid"
"174",12,2,0,11,0,24,0,"tabloid"
"175",1,1,0,10,0,20,0,"tabloid"
"176",4,0,3,3,0,42,0,"tabloid"
"177",1,0,0,11,0,18,0,"tabloid"
"178",4,8,2,11,0,18,0,"tabloid"
"179",8,6,0,7,0,55,0,"tabloid"
"180",2,1,5,1,0,16,0,"tabloid"
"181",0,2,3,3,0,15,0,"tabloid"
"182",1,0,0,9,0,21,0,"tabloid"
"183",2,0,0,14,0,9,0,"tabloid"
"184",3,5,0,2,0,21,0,"tabloid"
"185",1,0,0,13,0,7,0,"tabloid"
"186",0,7,8,28,0,10,0,"tabloid"
"187",1,6,0,6,0,13,0,"tabloid"
"188",2,8,0,4,0,17,0,"tabloid"
"189",0,6,0,1,0,18,0,"tabloid"
"190",7,0,0,7,2,15,0,"tabloid"
"191",8,0,14,17,0,18,0,"tabloid"
"192",5,0,0,8,0,23,1,"tabloid"
"193",1,2,0,24,0,12,0,"tabloid"
"194",5,0,0,13,0,18,0,"tabloid"
"195",12,6,0,7,0,2,1,"tabloid"
"196",2,5,0,1,0,21,2,"tabloid"
"197",5,0,0,15,0,28,0,"tabloid"
"198",4,2,4,16,0,6,0,"tabloid"
"199",1,0,0,12,0,7,0,"tabloid"
"200",2,12,0,10,0,63,0,"tabloid"
"201",5,2,0,4,0,15,0,"tabloid"
"202",9,5,3,7,0,16,0,"tabloid"
"203",7,6,3,13,0,46,0,"tabloid"
"204",5,5,0,2,0,11,0,"tabloid"
"205",3,7,2,10,0,36,1,"tabloid"
"206",7,8,0,16,0,10,0,"tabloid"
"207",2,15,2,21,0,31,0,"tabloid"
"208",0,11,0,9,0,22,0,"tabloid"
"209",0,2,0,3,0,27,0,"tabloid"
"210",0,2,0,2,0,19,0,"tabloid"
"211",1,0,2,4,0,15,0,"tabloid"
"212",4,2,0,16,2,11,0,"tabloid"
"213",4,6,0,3,0,39,0,"tabloid"
"214",2,8,0,9,0,13,0,"tabloid"
"215",5,8,0,12,0,32,0,"tabloid"
"216",7,4,0,2,0,18,0,"tabloid"
"217",5,0,0,3,0,28,0,"tabloid"
"218",22,3,6,2,0,10,0,"tabloid"
"219",3,5,6,20,2,6,4,"tabloid"
"220",0,3,3,9,0,21,0,"tabloid"
"221",4,2,10,11,0,7,0,"tabloid"
"222",0,3,0,17,2,43,0,"tabloid"
"223",5,2,2,13,0,19,0,"tabloid"
"224",3,0,0,13,0,19,2,"tabloid"
"225",5,2,3,6,0,43,0,"tabloid"
"226",0,12,0,6,0,11,0,"tabloid"
"227",4,5,3,8,0,24,0,"tabloid"
"228",4,8,0,0,0,9,5,"tabloid"
"229",3,6,0,25,2,51,0,"tabloid"
"230",3,5,7,13,0,50,0,"tabloid"
"231",1,0,0,10,0,9,0,"tabloid"
"232",3,2,5,3,0,19,0,"tabloid"
"233",10,8,0,4,0,11,0,"tabloid"
"234",6,0,0,4,0,9,0,"tabloid"
"235",1,5,6,8,0,19,0,"tabloid"
"236",1,9,0,4,0,50,0,"tabloid"
"237",20,4,17,23,0,25,0,"tabloid"
"238",0,0,10,3,0,10,0,"tabloid"
"239",13,5,0,7,0,38,0,"tabloid"
"240",0,7,2,24,0,34,0,"tabloid"
"241",0,10,3,21,0,21,0,"tabloid"
"242",6,7,9,7,0,14,0,"tabloid"
"243",5,10,5,12,0,12,0,"tabloid"
"244",6,4,3,12,0,20,1,"tabloid"
"245",1,3,0,2,0,11,1,"tabloid"
"246",1,6,0,6,0,22,0,"tabloid"
"247",3,5,0,17,0,23,0,"tabloid"
"248",7,6,10,27,0,44,0,"tabloid"
"249",13,5,2,21,0,23,4,"tabloid"
"250",2,23,0,12,0,25,4,"tabloid"
"251",0,4,0,0,0,0,0,"tabloid"
"252",1,5,0,19,0,9,1,"tabloid"
"253",12,2,0,5,0,13,0,"tabloid"
"254",2,2,0,23,0,6,0,"tabloid"
"255",4,2,0,0,0,26,0,"tabloid"
"256",3,5,0,5,0,17,1,"tabloid"
"257",1,7,0,2,0,23,0,"tabloid"
"258",3,0,19,5,0,18,0,"tabloid"
"259",3,4,2,10,0,33,1,"tabloid"
"260",7,4,0,7,0,24,0,"tabloid"
"261",2,6,0,8,0,0,0,"tabloid"
"262",3,5,0,6,0,10,1,"tabloid"
"263",6,2,0,3,0,11,1,"tabloid"
"264",2,2,3,8,4,13,0,"tabloid"
"265",2,11,6,28,0,33,0,"tabloid"
"266",5,9,0,0,0,15,0,"tabloid"
"267",3,0,8,4,0,18,0,"tabloid"
"268",0,3,0,5,2,9,0,"tabloid"
"269",2,3,0,27,0,16,1,"tabloid"
"270",1,7,4,14,0,29,0,"tabloid"
"271",3,1,8,19,0,22,1,"tabloid"
"272",2,17,0,6,0,33,1,"tabloid"
"273",2,2,0,21,0,16,2,"tabloid"
"274",2,0,0,36,0,16,0,"tabloid"
"275",2,0,0,0,0,17,0,"tabloid"
"276",7,4,0,26,0,27,2,"tabloid"
"277",5,4,2,11,0,26,2,"tabloid"
"278",2,1,0,3,0,12,0,"tabloid"
"279",7,0,0,1,0,7,1,"tabloid"
"280",2,4,8,10,0,22,0,"tabloid"
"281",6,4,3,7,0,6,0,"tabloid"
"282",4,3,0,12,0,24,1,"tabloid"
"283",3,0,0,26,0,16,0,"tabloid"
"284",1,1,0,0,0,33,0,"tabloid"
"285",4,11,3,24,0,52,0,"tabloid"
"286",27,7,0,9,0,18,0,"tabloid"
"287",16,0,0,17,0,46,0,"tabloid"
"288",1,5,0,15,0,23,0,"tabloid"
"289",3,3,0,21,0,5,0,"tabloid"
"290",7,10,6,11,0,18,0,"tabloid"
"291",2,2,0,3,0,15,0,"tabloid"
"292",4,6,3,18,0,16,0,"tabloid"
"293",5,3,0,7,0,11,0,"tabloid"
"294",5,4,0,28,0,8,1,"tabloid"
"295",4,7,0,17,0,9,0,"tabloid"
"296",8,3,0,11,0,12,1,"tabloid"
"297",6,13,13,28,0,65,0,"tabloid"
"298",1,0,0,10,0,11,0,"tabloid"
"299",5,6,0,15,0,8,0,"tabloid"
"300",2,2,0,4,0,13,0,"tabloid"
"301",5,3,0,8,0,9,3,"tabloid"
"302",6,3,0,8,0,20,1,"tabloid"
"303",2,7,5,2,2,9,0,"tabloid"
"304",3,2,0,9,0,36,0,"tabloid"
"305",5,0,0,19,0,32,0,"tabloid"
"306",4,0,0,0,0,24,0,"tabloid"
"307",11,1,8,11,0,17,0,"tabloid"
"308",4,9,0,12,0,6,0,"tabloid"
"309",2,4,0,3,0,21,0,"tabloid"
"310",1,9,0,6,2,17,0,"tabloid"
"311",5,1,0,9,0,25,0,"tabloid"
"312",6,9,4,34,0,20,0,"tabloid"
"313",1,0,0,1,0,40,0,"tabloid"
"314",0,1,0,17,0,26,0,"tabloid"
"315",3,0,0,19,0,25,0,"tabloid"
"316",0,9,0,2,0,15,1,"tabloid"
"317",1,0,0,12,0,15,1,"tabloid"
"318",1,5,0,13,0,11,0,"tabloid"
"319",12,2,4,2,0,23,0,"tabloid"
"320",0,13,0,11,0,4,0,"tabloid"
"321",2,7,2,1,0,19,0,"tabloid"
"322",17,1,0,10,0,48,0,"tabloid"
"323",2,0,0,7,0,22,0,"tabloid"
"324",7,0,0,9,0,12,0,"tabloid"
"325",5,9,0,5,0,13,5,"tabloid"
"326",1,1,0,9,0,38,0,"tabloid"
"327",4,9,0,15,0,22,1,"tabloid"
"328",4,9,5,10,0,21,1,"tabloid"
"329",3,0,6,28,0,31,0,"tabloid"
"330",4,4,0,15,2,10,0,"tabloid"
"331",19,8,0,21,0,76,0,"tabloid"
"332",9,8,0,8,0,15,2,"tabloid"
"333",17,22,4,14,0,44,10,"tabloid"
"334",7,7,0,33,0,21,0,"tabloid"
"335",1,9,0,2,0,22,4,"tabloid"
"336",10,12,0,5,0,7,0,"tabloid"
"337",2,1,0,5,0,14,0,"tabloid"
"338",0,5,0,6,0,14,0,"tabloid"
"339",9,0,0,18,0,31,0,"tabloid"
"340",10,13,7,39,0,50,0,"tabloid"
"341",3,8,0,7,0,16,0,"tabloid"
"342",6,14,4,13,0,22,0,"tabloid"
"343",3,3,0,16,0,26,0,"tabloid"
"344",1,7,10,30,0,21,0,"tabloid"
"345",0,4,0,26,0,6,0,"tabloid"
"346",9,5,0,19,0,17,0,"tabloid"
"347",3,7,0,12,0,22,1,"tabloid"
"348",6,15,0,21,0,27,0,"tabloid"
"349",0,5,0,9,0,6,0,"tabloid"
"350",2,5,13,9,0,6,0,"tabloid"
"351",4,7,0,16,0,24,0,"tabloid"
"352",19,4,17,16,0,29,0,"tabloid"
"353",0,1,0,5,0,20,0,"tabloid"
"354",4,2,0,3,0,11,0,"tabloid"
"355",1,4,0,13,0,28,1,"tabloid"
"356",6,5,0,1,0,20,2,"tabloid"
"357",10,13,11,29,0,66,0,"tabloid"
"358",1,3,17,56,0,14,0,"tabloid"
"359",5,0,0,39,0,17,0,"tabloid"
"360",19,8,0,8,0,31,0,"tabloid"
"361",2,8,0,22,0,16,0,"tabloid"
"362",4,6,0,1,0,22,0,"tabloid"
"363",4,6,0,27,0,16,0,"tabloid"
"364",6,3,0,9,0,18,0,"tabloid"
"365",0,7,0,0,0,33,0,"tabloid"
"366",7,9,0,6,0,23,2,"tabloid"
"367",2,0,2,14,0,12,0,"tabloid"
"368",8,3,0,22,0,23,0,"tabloid"
"369",4,7,0,11,0,22,0,"tabloid"
"370",6,2,0,4,0,14,1,"tabloid"
"371",0,1,0,29,0,28,0,"tabloid"
"372",0,0,0,20,0,17,0,"tabloid"
"373",5,1,0,14,0,22,0,"tabloid"
"374",3,3,0,10,0,4,1,"tabloid"
"375",3,2,0,17,0,17,0,"tabloid"
"376",6,5,0,0,0,20,0,"tabloid"
"377",1,0,0,5,0,28,0,"tabloid"
"378",0,6,11,13,0,20,0,"tabloid"
"379",8,1,6,7,0,13,0,"tabloid"
"380",4,8,0,18,0,27,0,"tabloid"
"381",3,0,0,5,0,21,0,"tabloid"
"382",7,0,0,0,0,19,3,"tabloid"
"383",1,12,0,5,0,21,0,"tabloid"
"384",3,1,0,25,0,0,0,"tabloid"
"385",2,1,0,8,0,31,0,"tabloid"
"386",1,2,2,17,0,23,0,"tabloid"
"387",10,11,0,5,0,11,0,"tabloid"
"388",2,3,0,10,0,14,0,"tabloid"
"389",15,0,0,3,0,15,0,"tabloid"
"390",5,4,0,13,0,25,0,"tabloid"
"391",4,0,0,12,0,19,0,"tabloid"
"392",1,3,3,28,0,13,0,"tabloid"
"393",3,1,0,3,0,17,0,"tabloid"
"394",1,2,3,41,0,54,2,"tabloid"
"395",19,4,0,16,0,20,1,"tabloid"
"396",21,3,4,22,0,21,0,"tabloid"
"397",3,2,0,4,0,12,0,"tabloid"
"398",1,17,0,16,0,24,0,"tabloid"
"399",4,5,4,12,0,20,0,"tabloid"
"400",4,9,0,9,0,14,0,"tabloid"
"401",3,1,0,2,0,24,0,"tabloid"
"402",5,4,0,3,0,29,1,"tabloid"
"403",2,3,9,15,0,16,0,"tabloid"
"404",9,10,4,18,0,16,3,"tabloid"
"405",2,0,0,13,0,11,0,"tabloid"
"406",5,5,3,2,2,44,0,"tabloid"
"407",0,3,0,3,0,16,0,"tabloid"
"408",0,6,0,17,0,44,0,"tabloid"
"409",2,6,0,9,0,13,0,"tabloid"
"410",10,26,0,13,0,26,0,"tabloid"
"411",0,3,8,11,0,17,0,"tabloid"
"412",12,2,0,14,0,36,0,"tabloid"
"413",0,5,0,4,0,33,0,"tabloid"
"414",3,3,0,39,0,48,1,"tabloid"
"415",3,20,9,16,0,19,0,"tabloid"
"416",4,4,0,5,0,18,1,"tabloid"
"417",6,5,3,5,0,3,0,"tabloid"
"418",5,6,0,9,0,9,3,"tabloid"
"419",10,2,0,23,0,36,0,"tabloid"
"420",5,4,0,11,0,18,1,"tabloid"
"421",3,1,0,9,2,19,0,"tabloid"
"422",3,6,2,15,0,55,0,"tabloid"
"423",2,4,0,32,0,7,0,"tabloid"
"424",2,4,0,20,0,26,1,"tabloid"
"425",7,3,0,8,0,10,0,"tabloid"
"426",8,7,6,18,0,5,1,"tabloid"
"427",1,10,0,13,0,36,4,"tabloid"
"428",2,0,0,0,0,26,0,"tabloid"
"429",3,1,0,7,0,6,1,"tabloid"
"430",8,5,4,25,0,34,2,"tabloid"
"431",7,6,0,9,0,20,2,"tabloid"
"432",2,11,0,17,0,34,0,"tabloid"
"433",0,3,23,15,0,12,4,"tabloid"
"434",8,6,0,11,0,3,1,"tabloid"
"435",4,3,0,1,2,14,0,"tabloid"
"436",3,20,0,10,0,9,0,"tabloid"
"437",2,4,0,17,0,23,1,"tabloid"
"438",3,6,0,9,0,20,0,"tabloid"
"439",2,2,0,8,0,15,0,"tabloid"
"440",8,3,0,3,0,18,1,"tabloid"
"441",5,1,0,0,0,20,1,"tabloid"
"442",15,0,0,8,0,33,0,"tabloid"
"443",1,9,0,5,0,41,0,"tabloid"
"444",2,4,0,14,0,12,0,"tabloid"
"445",2,1,0,3,0,35,0,"tabloid"
"446",3,3,0,11,0,20,2,"tabloid"
"447",6,9,0,24,0,19,1,"tabloid"
"448",15,7,0,23,8,3,0,"tabloid"
"449",0,4,0,2,0,13,0,"tabloid"
"450",4,4,0,41,0,30,1,"tabloid"
"451",1,1,0,23,0,13,0,"tabloid"
"452",8,9,0,9,0,38,3,"tabloid"
"453",5,7,6,1,0,17,0,"tabloid"
"454",3,7,0,25,0,23,0,"tabloid"
"455",0,6,0,29,0,15,0,"tabloid"
"456",14,6,0,25,0,20,0,"tabloid"
"457",4,6,0,9,0,14,0,"tabloid"
"458",0,1,0,3,0,22,0,"tabloid"
"459",0,3,3,0,0,4,0,"tabloid"
"460",1,18,0,12,0,12,0,"tabloid"
"461",6,2,0,3,0,15,0,"tabloid"
"462",0,0,2,11,0,11,0,"tabloid"
"463",0,0,0,8,0,16,0,"tabloid"
"464",5,6,0,17,0,16,0,"tabloid"
"465",31,7,6,12,0,19,0,"tabloid"
"466",5,6,0,12,0,17,1,"tabloid"
"467",1,2,0,8,0,21,0,"tabloid"
"468",0,0,0,9,0,24,0,"tabloid"
"469",2,9,8,13,0,17,0,"tabloid"
"470",3,5,6,17,0,14,0,"tabloid"
"471",4,1,0,6,0,14,2,"tabloid"
"472",2,4,4,11,2,24,0,"tabloid"
"473",5,1,7,6,0,48,2,"tabloid"
"474",5,1,0,18,0,36,0,"tabloid"
"475",1,1,40,21,2,14,0,"tabloid"
"476",1,5,0,3,0,20,0,"tabloid"
"477",1,6,2,6,0,3,0,"tabloid"
"478",3,2,4,3,0,18,0,"tabloid"
"479",1,0,0,17,0,3,0,"tabloid"
"480",2,10,0,3,0,11,2,"tabloid"
"481",6,5,0,8,0,23,0,"tabloid"
"482",0,5,0,6,0,17,0,"tabloid"
"483",8,2,0,9,0,25,0,"tabloid"
"484",1,1,4,11,0,15,0,"tabloid"
"485",6,4,0,21,0,36,0,"tabloid"
"486",3,3,0,3,0,27,0,"tabloid"
"487",4,11,0,57,0,14,0,"tabloid"
"488",2,11,5,52,0,18,0,"tabloid"
"489",0,7,0,14,0,18,0,"tabloid"
"490",0,0,0,19,0,47,0,"tabloid"
"491",3,9,2,3,0,32,1,"tabloid"
"492",3,13,25,19,4,25,0,"tabloid"
"493",18,1,62,15,0,26,0,"tabloid"
"494",2,14,0,17,0,10,5,"tabloid"
"495",2,0,0,19,0,20,1,"tabloid"
"496",0,5,0,16,2,21,0,"tabloid"
"497",5,4,0,10,0,10,2,"tabloid"
"498",4,10,3,9,0,24,0,"tabloid"
"499",0,2,0,5,0,14,0,"tabloid"
"500",2,7,3,24,0,21,1,"tabloid"
"501",3,2,0,4,0,11,0,"tabloid"
"502",1,3,0,4,0,14,0,"tabloid"
"503",4,8,0,21,0,4,1,"tabloid"
"504",7,5,0,6,0,15,0,"tabloid"
"505",3,0,0,7,0,0,0,"tabloid"
"506",4,6,0,26,0,26,1,"tabloid"
"507",3,3,0,34,0,23,0,"tabloid"
"508",11,7,6,18,0,30,0,"tabloid"
"509",2,0,0,7,0,16,0,"tabloid"
"510",9,6,3,14,0,19,0,"tabloid"
"511",2,1,0,2,0,25,0,"tabloid"
"512",0,7,2,16,0,27,0,"tabloid"
"513",5,6,0,6,0,22,0,"tabloid"
"514",3,0,0,11,0,13,1,"tabloid"
"515",1,4,0,2,0,14,3,"tabloid"
"516",4,1,0,1,0,21,0,"tabloid"
"517",0,3,0,20,0,12,0,"tabloid"
"518",3,1,3,8,0,31,0,"tabloid"
"519",8,0,0,7,0,10,0,"tabloid"
"520",9,5,0,32,0,61,0,"tabloid"
"521",1,1,0,17,0,26,0,"tabloid"
"522",1,24,0,12,0,14,0,"tabloid"
"523",4,8,0,8,0,17,0,"tabloid"
"524",1,27,8,9,0,21,0,"tabloid"
"525",3,1,0,4,0,23,0,"tabloid"
"526",0,4,0,17,0,24,0,"tabloid"
"527",5,1,0,12,0,21,0,"tabloid"
"528",3,9,0,3,0,6,0,"tabloid"
"529",2,11,0,2,0,13,0,"tabloid"
"530",2,8,2,9,0,31,0,"tabloid"
"531",4,2,0,3,0,22,0,"tabloid"
"532",22,5,4,12,0,17,0,"tabloid"
"533",4,3,0,36,0,37,0,"tabloid"
"534",2,4,0,20,0,19,0,"tabloid"
"535",4,3,0,9,0,31,0,"tabloid"
"536",23,1,6,11,0,15,0,"tabloid"
"537",0,2,2,24,0,23,0,"tabloid"
"538",3,2,0,9,0,14,0,"tabloid"
"539",0,7,0,14,0,4,0,"tabloid"
"540",10,3,6,24,0,10,0,"tabloid"
"541",1,2,0,13,0,9,0,"tabloid"
"542",5,1,0,1,0,23,0,"tabloid"
"543",6,1,0,2,0,20,0,"tabloid"
"544",3,3,0,9,0,12,2,"tabloid"
"545",0,0,0,5,4,27,0,"tabloid"
"546",7,0,0,12,0,19,2,"tabloid"
"547",2,9,0,6,0,23,0,"tabloid"
"548",6,4,0,10,0,43,0,"tabloid"
"549",6,5,0,18,0,6,0,"tabloid"
"550",5,5,0,22,0,29,1,"tabloid"
"551",2,1,0,6,0,21,0,"tabloid"
"552",17,1,3,5,0,22,0,"tabloid"
"553",10,3,0,14,0,44,0,"tabloid"
"554",1,7,0,15,0,24,0,"tabloid"
"555",0,10,2,36,0,49,0,"tabloid"
"556",2,9,0,5,0,39,0,"tabloid"
"557",3,5,0,20,0,17,1,"tabloid"
"558",7,4,0,4,0,32,1,"tabloid"
"559",2,6,0,12,0,20,1,"tabloid"
"560",0,5,0,20,0,5,0,"tabloid"
"561",0,5,0,1,0,9,0,"tabloid"
"562",2,8,7,12,0,8,0,"tabloid"
"563",9,18,9,4,0,9,0,"tabloid"
"564",21,7,65,36,0,38,0,"tabloid"
"565",2,1,2,15,0,29,0,"tabloid"
"566",4,3,0,8,0,15,0,"tabloid"
"567",3,6,0,2,0,19,2,"tabloid"
"568",3,8,0,20,0,19,0,"tabloid"
"569",14,15,14,7,0,18,0,"tabloid"
"570",4,3,0,23,0,25,1,"tabloid"
"571",6,1,0,16,0,30,0,"tabloid"
"572",0,0,2,2,0,29,0,"tabloid"
"573",5,4,0,13,0,26,0,"tabloid"
"574",0,7,0,21,4,15,0,"tabloid"
"575",1,2,0,19,0,17,0,"tabloid"
"576",6,3,3,41,0,64,2,"tabloid"
"577",2,1,0,17,0,9,0,"tabloid"
"578",10,0,6,20,0,24,2,"tabloid"
"579",2,9,0,17,0,13,0,"tabloid"
"580",6,2,0,6,0,30,0,"tabloid"
"581",5,0,0,0,0,20,0,"tabloid"
"582",3,9,0,17,0,12,0,"tabloid"
"583",9,9,64,23,4,8,0,"tabloid"
"584",2,4,0,10,0,26,0,"tabloid"
"585",2,1,0,17,0,30,0,"tabloid"
"586",3,0,0,0,0,19,0,"tabloid"
"587",3,2,0,7,0,14,0,"tabloid"
"588",15,4,0,4,0,26,0,"tabloid"
"589",8,5,4,10,0,15,0,"tabloid"
"590",26,7,4,13,0,47,0,"tabloid"
"591",2,16,0,2,0,31,0,"tabloid"
"592",1,1,0,7,0,24,0,"tabloid"
"593",1,8,2,10,0,25,0,"tabloid"
"594",1,14,6,23,0,18,0,"tabloid"
"595",11,1,0,26,0,21,2,"tabloid"
"596",0,7,0,17,0,29,0,"tabloid"
"597",3,9,0,12,0,25,0,"tabloid"
"598",1,0,0,6,0,14,3,"tabloid"
"599",2,6,0,21,0,15,0,"tabloid"
"600",4,7,3,30,0,56,0,"tabloid"
"601",4,2,0,7,0,20,0,"tabloid"
"602",1,6,0,11,0,25,0,"tabloid"
"603",7,9,27,23,0,26,1,"tabloid"
"604",4,2,0,16,0,13,1,"tabloid"
"605",9,5,0,1,0,26,0,"tabloid"
"606",7,0,0,22,0,25,0,"tabloid"
"607",1,3,2,4,0,16,0,"tabloid"
"608",1,5,0,11,0,30,0,"tabloid"
"609",4,10,0,21,0,20,2,"tabloid"
"610",11,4,0,9,0,37,0,"tabloid"
"611",2,17,0,12,0,29,0,"tabloid"
"612",4,6,0,5,0,21,2,"tabloid"
"613",4,16,0,7,0,29,0,"tabloid"
"614",7,13,7,28,0,58,0,"tabloid"
"615",6,2,0,17,0,33,0,"tabloid"
"616",8,4,0,5,0,56,0,"tabloid"
"617",3,0,0,9,0,16,0,"tabloid"
"618",3,4,8,4,0,14,0,"tabloid"
"619",2,2,0,12,0,13,1,"tabloid"
"620",0,2,0,29,0,8,4,"tabloid"
"621",12,2,0,20,0,10,0,"tabloid"
"622",3,0,0,21,0,12,0,"tabloid"
"623",14,5,6,6,0,14,1,"tabloid"
"624",3,3,0,6,0,17,0,"tabloid"
"625",5,1,0,33,0,16,2,"tabloid"
"626",1,4,0,0,0,14,0,"tabloid"
"627",7,10,0,2,0,5,0,"tabloid"
"628",0,2,3,0,0,21,0,"tabloid"
"629",20,3,0,3,0,37,0,"tabloid"
"630",9,4,0,0,0,15,1,"tabloid"
"631",8,9,2,12,0,14,2,"tabloid"
"632",2,3,0,3,0,12,0,"tabloid"
"633",1,2,2,3,0,18,0,"tabloid"
"634",4,6,22,12,0,43,1,"tabloid"
"635",0,3,0,25,0,25,0,"tabloid"
"636",3,0,0,3,0,14,0,"tabloid"
"637",5,2,7,15,0,26,0,"tabloid"
"638",3,8,0,16,0,8,1,"tabloid"
"639",8,3,0,9,0,36,0,"tabloid"
"640",3,4,6,27,0,27,0,"tabloid"
"641",3,6,0,5,0,29,0,"tabloid"
"642",27,6,0,8,0,12,0,"tabloid"
"643",1,3,0,4,0,8,3,"tabloid"
"644",11,0,0,11,0,36,0,"tabloid"
"645",1,4,0,18,0,34,1,"tabloid"
"646",6,8,0,26,0,63,0,"tabloid"
"647",0,3,18,6,0,0,0,"tabloid"
"648",3,5,0,8,0,16,1,"tabloid"
"649",2,4,0,0,0,20,0,"tabloid"
"650",0,6,0,18,0,22,0,"tabloid"
"651",0,3,0,13,0,14,0,"tabloid"
"652",19,6,0,7,0,19,0,"tabloid"
"653",1,0,0,16,0,20,0,"tabloid"
"654",4,2,0,4,0,20,0,"tabloid"
"655",17,2,19,19,2,27,0,"tabloid"
"656",0,5,0,20,0,12,0,"tabloid"
"657",1,2,0,17,0,28,1,"tabloid"
"658",0,4,6,25,2,1,0,"tabloid"
"659",2,1,0,0,0,9,0,"tabloid"
"660",7,2,0,0,0,13,0,"tabloid"
"661",11,8,0,7,0,19,0,"tabloid"
"662",19,6,0,4,0,24,0,"tabloid"
"663",5,2,2,1,0,16,0,"tabloid"
"664",1,1,10,8,2,8,0,"tabloid"
"665",3,1,0,28,0,17,0,"tabloid"
"666",5,1,0,12,0,25,0,"tabloid"
"667",3,8,0,11,0,26,1,"tabloid"
"668",4,3,17,10,0,13,0,"tabloid"
"669",1,4,0,13,0,26,1,"tabloid"
"670",11,4,10,10,0,35,0,"tabloid"
"671",0,2,0,8,0,26,0,"tabloid"
"672",9,5,2,37,0,25,0,"tabloid"
"673",3,1,5,14,0,10,0,"tabloid"
"674",11,13,3,1,0,24,0,"tabloid"
"675",7,2,0,17,0,19,0,"tabloid"
"676",9,3,0,6,0,15,0,"tabloid"
"677",6,2,9,27,0,44,0,"tabloid"
"678",1,3,3,6,0,13,0,"tabloid"
"679",8,6,0,21,2,22,0,"tabloid"
"680",2,6,0,8,0,29,0,"tabloid"
"681",6,12,4,19,0,29,0,"tabloid"
"682",6,4,0,5,0,25,0,"tabloid"
"683",1,7,0,13,0,50,1,"tabloid"
"684",0,7,0,6,0,16,0,"tabloid"
"685",6,3,0,10,0,15,0,"tabloid"
"686",3,10,0,19,0,28,0,"tabloid"
"687",1,5,0,4,2,2,0,"tabloid"
"688",4,3,0,17,0,1,0,"tabloid"
"689",2,4,0,16,0,22,0,"tabloid"
"690",5,6,4,0,0,8,0,"tabloid"
"691",1,2,0,14,0,13,0,"tabloid"
"692",4,12,5,14,0,50,0,"tabloid"
"693",5,3,0,20,0,12,0,"tabloid"
"694",4,3,0,0,0,14,2,"tabloid"
"695",2,16,0,10,0,50,0,"tabloid"
"696",4,9,17,30,0,54,0,"tabloid"
"697",4,7,0,37,0,19,0,"tabloid"
"698",2,6,4,37,0,7,0,"tabloid"
"699",0,2,0,10,0,30,0,"tabloid"
"700",5,11,0,16,0,16,0,"tabloid"
"701",19,8,0,17,0,16,0,"tabloid"
"702",4,5,0,9,0,5,0,"tabloid"
"703",10,7,0,7,0,8,0,"tabloid"
"704",6,7,3,8,0,55,0,"tabloid"
"705",3,5,7,3,0,10,2,"tabloid"
"706",10,4,0,32,0,19,0,"tabloid"
"707",11,0,4,15,0,15,0,"tabloid"
"708",2,4,0,10,0,16,0,"tabloid"
"709",1,11,0,15,0,14,0,"tabloid"
"710",7,2,0,0,0,42,0,"tabloid"
"711",6,0,2,1,0,24,0,"tabloid"
"712",1,5,3,8,0,7,0,"tabloid"
"713",13,2,13,15,2,25,0,"tabloid"
"714",6,4,0,10,0,10,0,"tabloid"
"715",5,10,2,0,0,20,0,"tabloid"
"716",7,2,0,14,0,22,0,"tabloid"
"717",6,0,0,4,0,15,0,"tabloid"
"718",6,7,0,10,0,6,0,"tabloid"
"719",1,10,12,12,0,23,0,"tabloid"
"720",0,12,2,9,0,21,0,"tabloid"
"721",18,9,45,8,0,10,0,"tabloid"
"722",9,2,0,7,0,18,0,"tabloid"
"723",2,2,0,4,0,26,0,"tabloid"
"724",0,6,0,20,0,20,1,"tabloid"
"725",7,5,0,13,0,25,0,"tabloid"
"726",4,4,0,0,0,19,0,"tabloid"
"727",1,14,0,3,0,4,0,"tabloid"
"728",2,5,0,8,0,35,0,"tabloid"
"729",8,4,0,27,0,14,0,"tabloid"
"730",2,5,0,17,0,16,0,"tabloid"
"731",0,4,2,1,0,15,0,"tabloid"
"732",6,6,0,26,0,20,0,"tabloid"
"733",10,5,3,9,0,27,3,"tabloid"
"734",6,3,0,0,0,27,0,"tabloid"
"735",0,4,0,6,4,14,0,"tabloid"
"736",2,8,5,5,2,40,0,"tabloid"
"737",1,8,0,0,0,15,0,"tabloid"
"738",1,3,0,12,2,26,1,"tabloid"
"739",1,8,0,13,0,19,0,"tabloid"
"740",2,2,4,3,0,6,0,"tabloid"
"741",6,1,0,16,0,13,0,"tabloid"
"742",9,6,2,13,0,22,1,"tabloid"
"743",2,0,0,11,0,35,0,"tabloid"
"744",5,7,0,21,0,6,0,"tabloid"
"745",6,4,0,3,0,15,0,"tabloid"
"746",6,3,0,10,0,26,2,"tabloid"
"747",2,9,0,31,0,13,0,"tabloid"
"748",6,3,8,9,0,16,0,"tabloid"
"749",1,0,0,6,0,23,0,"tabloid"
"750",3,1,0,11,0,28,0,"tabloid"
"751",2,0,0,7,0,16,0,"tabloid"
"752",12,13,3,14,0,25,2,"tabloid"
"753",0,8,5,30,0,20,0,"tabloid"
"754",0,10,2,15,0,19,0,"tabloid"
"755",1,12,0,38,0,17,0,"tabloid"
"756",13,3,2,23,0,34,0,"tabloid"
"757",5,4,12,30,0,16,0,"tabloid"
"758",0,1,2,10,0,39,0,"tabloid"
"759",4,20,0,13,0,20,1,"tabloid"
"760",15,25,8,49,0,34,0,"tabloid"
"761",4,4,0,21,0,25,2,"tabloid"
"762",0,6,0,14,0,24,0,"tabloid"
"763",13,6,0,30,0,33,9,"tabloid"
"764",2,10,0,0,0,8,0,"tabloid"
"765",5,1,0,1,0,19,0,"tabloid"
"766",4,5,2,24,0,22,0,"tabloid"
"767",3,3,3,2,0,5,1,"tabloid"
"768",2,6,0,10,0,26,0,"tabloid"
"769",6,5,0,13,0,38,0,"tabloid"
"770",0,0,0,33,0,16,0,"tabloid"
"771",1,2,0,0,0,14,0,"tabloid"
"772",2,9,0,8,0,22,0,"tabloid"
"773",4,5,2,10,0,8,0,"tabloid"
"774",3,8,0,2,0,19,0,"tabloid"
"775",0,0,5,21,0,13,0,"tabloid"
"776",10,5,0,12,0,48,0,"tabloid"
"777",1,13,0,4,0,15,0,"tabloid"
"778",25,4,0,0,0,14,2,"tabloid"
"779",4,9,0,5,0,16,2,"tabloid"
"780",2,8,0,10,0,20,0,"tabloid"
"781",1,7,0,4,2,11,0,"tabloid"
"782",1,17,0,26,0,11,1,"tabloid"
"783",38,8,10,47,2,43,0,"tabloid"
"784",0,2,0,9,0,14,0,"tabloid"
"785",4,3,0,26,0,18,0,"tabloid"
"786",1,8,0,7,0,26,0,"tabloid"
"787",1,19,0,12,0,18,0,"tabloid"
"788",4,1,6,0,0,9,1,"tabloid"
"789",1,6,0,26,0,23,0,"tabloid"
"790",3,0,0,4,0,4,0,"tabloid"
"791",15,8,0,12,0,21,0,"tabloid"
"792",5,4,0,2,0,14,0,"tabloid"
"793",4,2,0,0,0,29,0,"tabloid"
"794",0,6,0,9,0,8,0,"tabloid"
"795",2,4,0,15,0,17,0,"tabloid"
"796",0,24,0,12,0,27,0,"tabloid"
"797",5,9,0,1,0,24,2,"tabloid"
"798",3,2,0,4,0,17,1,"tabloid"
"799",11,2,0,16,0,11,0,"tabloid"
"800",0,9,0,8,0,14,0,"tabloid"
"801",9,3,0,0,0,12,0,"tabloid"
"802",3,1,0,13,0,17,0,"tabloid"
"803",3,3,10,30,0,17,0,"tabloid"
"804",6,7,3,11,0,65,0,"tabloid"
"805",7,22,0,35,0,32,1,"tabloid"
"806",0,3,0,17,8,28,1,"tabloid"
"807",1,11,0,9,2,23,0,"tabloid"
"808",4,17,0,8,0,80,0,"tabloid"
"809",1,7,0,17,0,19,0,"tabloid"
"810",4,1,2,11,0,22,0,"tabloid"
"811",2,3,0,16,0,5,1,"tabloid"
"812",1,8,0,10,0,7,0,"tabloid"
"813",1,0,0,11,0,7,0,"tabloid"
"814",1,5,0,21,0,15,1,"tabloid"
"815",0,2,0,0,0,6,0,"tabloid"
"816",7,4,0,6,0,33,0,"tabloid"
"817",4,3,6,7,2,22,0,"tabloid"
"818",2,3,0,2,0,12,0,"tabloid"
"819",1,11,0,9,0,19,0,"tabloid"
"820",8,4,2,0,0,23,0,"tabloid"
"821",3,6,0,18,0,15,0,"tabloid"
"822",8,4,0,0,0,30,0,"tabloid"
"823",4,0,0,1,0,24,0,"tabloid"
"824",5,10,2,23,0,22,0,"tabloid"
"825",1,6,0,9,0,11,0,"tabloid"
"826",17,3,0,8,0,28,0,"tabloid"
"827",0,0,0,17,0,19,0,"tabloid"
"828",1,15,0,9,0,38,0,"tabloid"
"829",0,1,0,9,0,12,0,"tabloid"
"830",3,4,0,13,0,8,5,"tabloid"
"831",2,5,0,6,0,14,1,"tabloid"
"832",10,5,0,17,0,39,0,"tabloid"
"833",5,2,0,4,0,15,0,"tabloid"
"834",14,11,0,3,0,3,3,"tabloid"
"835",5,0,0,15,0,15,0,"tabloid"
"836",2,5,0,5,0,13,1,"tabloid"
"837",4,3,2,26,0,8,0,"tabloid"
"838",4,7,6,17,0,8,0,"tabloid"
"839",10,9,0,2,0,34,0,"tabloid"
"840",9,10,5,34,0,59,0,"tabloid"
"841",1,0,0,16,0,8,0,"tabloid"
"842",0,5,2,12,0,12,0,"tabloid"
"843",3,3,0,3,0,3,0,"tabloid"
"844",2,8,0,7,0,17,0,"tabloid"
"845",5,4,2,25,0,20,0,"tabloid"
"846",4,13,8,18,0,19,2,"tabloid"
"847",14,3,0,24,0,27,0,"tabloid"
"848",0,2,0,12,0,19,0,"tabloid"
"849",16,5,41,8,0,5,2,"tabloid"
"850",20,2,0,0,0,13,0,"tabloid"
"851",6,3,3,10,0,20,0,"tabloid"
"852",8,4,3,3,2,59,0,"tabloid"
"853",11,2,0,24,0,20,0,"tabloid"
"854",1,3,0,10,0,9,0,"tabloid"
"855",0,4,0,14,0,13,0,"tabloid"
"856",5,4,4,18,0,14,1,"tabloid"
"857",3,2,0,9,0,24,0,"tabloid"
"858",1,3,0,2,0,26,1,"tabloid"
"859",3,4,10,12,0,9,0,"tabloid"
"860",0,4,0,4,2,28,1,"tabloid"
"861",4,8,3,15,0,11,0,"tabloid"
"862",1,20,9,22,0,20,0,"tabloid"
"863",8,8,0,11,0,7,0,"tabloid"
"864",2,3,0,5,0,29,0,"tabloid"
"865",5,1,0,13,0,5,0,"tabloid"
"866",1,4,3,7,0,29,0,"tabloid"
"867",3,5,0,8,0,24,0,"tabloid"
"868",9,3,0,14,0,18,0,"tabloid"
"869",2,4,3,18,0,15,1,"tabloid"
"870",9,5,0,14,0,28,0,"tabloid"
"871",3,1,0,0,0,8,0,"tabloid"
"872",5,5,0,17,0,15,1,"tabloid"
"873",13,5,12,19,0,25,0,"tabloid"
"874",11,1,0,6,0,31,0,"tabloid"
"875",3,2,0,5,0,20,1,"tabloid"
"876",5,3,0,23,0,14,0,"tabloid"
"877",3,3,2,45,0,0,0,"tabloid"
"878",22,6,23,34,4,40,1,"tabloid"
"879",1,2,0,11,0,15,0,"tabloid"
"880",2,6,0,0,0,19,0,"tabloid"
"881",3,0,0,8,0,8,0,"tabloid"
"882",0,2,0,22,0,5,0,"tabloid"
"883",5,3,13,11,0,8,2,"tabloid"
"884",4,6,3,25,0,56,0,"tabloid"
"885",1,5,2,22,0,17,0,"tabloid"
"886",7,2,0,20,0,28,1,"tabloid"
"887",23,16,0,48,4,27,0,"tabloid"
"888",2,2,0,35,0,25,0,"tabloid"
"889",2,5,0,4,0,18,2,"tabloid"
"890",1,0,3,24,0,31,0,"tabloid"
"891",0,6,0,22,0,22,0,"tabloid"
"892",10,5,0,0,0,19,0,"tabloid"
"893",21,3,0,19,0,34,2,"tabloid"
"894",2,2,5,16,0,5,0,"tabloid"
"895",12,3,0,5,0,13,0,"tabloid"
"896",2,8,0,3,0,12,0,"tabloid"
"897",7,5,0,11,0,8,0,"tabloid"
"898",0,6,0,26,0,48,0,"tabloid"
"899",3,6,0,11,0,22,0,"tabloid"
"900",1,3,5,20,2,21,0,"tabloid"
"901",6,2,0,0,0,21,0,"tabloid"
"902",5,14,0,17,0,23,0,"tabloid"
"903",1,2,0,14,0,14,0,"tabloid"
"904",5,1,0,4,0,11,0,"tabloid"
"905",0,2,0,4,0,17,0,"tabloid"
"906",3,4,0,16,0,33,1,"tabloid"
"907",2,1,0,16,0,9,0,"tabloid"
"908",3,9,9,25,0,56,0,"tabloid"
"909",0,5,0,14,0,17,0,"tabloid"
"910",1,3,2,8,0,10,0,"tabloid"
"911",7,2,0,21,0,28,2,"tabloid"
"912",5,3,0,5,0,45,0,"tabloid"
"913",2,0,0,17,0,15,0,"tabloid"
"914",6,1,4,15,0,22,0,"tabloid"
"915",0,8,0,18,0,15,0,"tabloid"
"916",2,0,0,44,0,4,0,"tabloid"
"917",8,6,0,14,0,12,0,"tabloid"
"918",0,2,0,5,0,15,0,"tabloid"
"919",0,0,0,26,0,23,0,"tabloid"
"920",2,0,0,4,0,18,0,"tabloid"
"921",6,5,3,13,4,39,0,"tabloid"
"922",9,3,4,5,0,16,0,"tabloid"
"923",0,1,0,25,0,35,0,"tabloid"
"924",13,3,0,6,0,17,5,"tabloid"
"925",3,5,8,15,0,15,0,"tabloid"
"926",5,3,3,14,0,24,0,"tabloid"
"927",4,1,0,7,0,21,0,"tabloid"
"928",2,2,0,20,0,21,0,"tabloid"
"929",6,7,0,16,0,32,0,"tabloid"
"930",2,9,0,21,0,25,1,"tabloid"
"931",6,2,6,1,0,13,0,"tabloid"
"932",13,4,0,1,0,11,0,"tabloid"
"933",6,2,8,4,0,12,0,"tabloid"
"934",5,9,0,11,0,4,0,"tabloid"
"935",10,8,0,8,0,26,4,"tabloid"
"936",1,6,12,13,0,14,1,"tabloid"
"937",33,7,6,28,0,32,0,"tabloid"
"938",0,2,4,10,0,6,0,"tabloid"
"939",0,1,0,23,0,19,0,"tabloid"
"940",8,1,0,3,0,28,0,"tabloid"
"941",7,7,0,11,0,14,0,"tabloid"
"942",6,3,0,12,0,14,1,"tabloid"
"943",1,0,0,0,0,5,0,"tabloid"
"944",4,4,3,0,0,33,0,"tabloid"
"945",6,6,0,13,0,13,0,"tabloid"
"946",3,5,3,10,2,16,0,"tabloid"
"947",4,5,0,29,0,20,1,"tabloid"
"948",18,4,10,20,0,14,0,"tabloid"
"949",1,6,3,3,0,15,2,"tabloid"
"950",22,4,0,10,0,26,1,"tabloid"
"951",6,1,0,0,0,15,0,"tabloid"
"952",12,7,0,6,0,19,4,"tabloid"
"953",0,5,0,7,0,18,0,"tabloid"
"954",5,6,3,11,0,31,0,"tabloid"
"955",3,13,0,25,0,20,0,"tabloid"
"956",3,1,0,13,0,32,0,"tabloid"
"957",2,0,0,8,0,12,0,"tabloid"
"958",0,2,0,11,0,10,0,"tabloid"
"959",10,3,14,17,0,7,0,"tabloid"
"960",5,1,0,2,0,12,0,"tabloid"
"961",3,9,0,16,0,33,0,"tabloid"
"962",1,5,0,22,0,15,0,"tabloid"
"963",10,8,0,12,0,17,0,"tabloid"
"964",3,2,0,9,0,20,0,"tabloid"
"965",0,3,0,6,0,14,0,"tabloid"
"966",2,2,4,9,0,22,0,"tabloid"
"967",2,2,0,6,0,29,0,"tabloid"
"968",6,13,9,30,0,58,0,"tabloid"
"969",20,0,0,15,0,36,0,"tabloid"
"970",0,2,0,3,0,20,0,"tabloid"
"971",0,1,0,10,0,13,0,"tabloid"
"972",6,1,0,19,0,11,0,"tabloid"
"973",6,0,0,3,0,11,0,"tabloid"
"974",3,3,0,8,0,37,0,"tabloid"
"975",1,9,0,9,0,21,0,"tabloid"
"976",11,1,0,26,0,20,2,"tabloid"
"977",4,4,0,11,0,2,0,"tabloid"
"978",0,2,0,16,0,20,0,"tabloid"
"979",4,2,0,2,0,19,0,"tabloid"
"980",1,3,0,14,0,7,0,"tabloid"
"981",4,3,3,17,0,7,0,"tabloid"
"982",15,4,10,14,0,30,2,"tabloid"
"983",6,1,0,10,0,29,0,"tabloid"
"984",5,6,0,15,0,24,0,"tabloid"
"985",0,1,0,1,0,17,0,"tabloid"
"986",20,9,6,24,0,60,0,"tabloid"
"987",0,8,0,0,0,22,0,"tabloid"
"988",2,6,0,7,0,16,0,"tabloid"
"989",3,13,0,2,0,14,0,"tabloid"
"990",2,0,0,30,0,22,0,"tabloid"
"991",2,6,0,7,0,11,0,"tabloid"
"992",2,4,0,15,0,25,0,"tabloid"
"993",10,8,4,11,0,15,0,"tabloid"
"994",2,4,4,8,0,25,1,"tabloid"
"995",2,3,0,2,0,12,0,"tabloid"
"996",2,8,0,15,0,32,0,"tabloid"
"997",6,3,17,10,0,22,0,"tabloid"
"998",0,7,0,17,0,21,0,"tabloid"
"999",0,2,0,5,0,21,0,"tabloid"
"1000",0,1,0,10,0,22,0,"tabloid"
"1100",14,52,0,10,0,15,0,"broadsheet"
"2100",13,18,0,17,0,12,1,"broadsheet"
"3100",9,21,0,9,4,7,0,"broadsheet"
"4100",17,9,3,35,0,6,1,"broadsheet"
"5100",0,12,3,30,0,26,0,"broadsheet"
"6100",7,9,0,40,0,4,0,"broadsheet"
"7100",20,83,0,39,0,15,0,"broadsheet"
"8100",16,22,0,3,0,13,0,"broadsheet"
"9100",9,20,0,10,4,28,0,"broadsheet"
"1010",2,22,0,25,6,0,0,"broadsheet"
"1110",11,39,0,45,0,9,1,"broadsheet"
"1210",25,8,0,10,0,10,1,"broadsheet"
"1310",25,54,3,31,12,5,0,"broadsheet"
"1410",18,47,0,20,0,4,13,"broadsheet"
"1510",11,46,3,15,0,40,0,"broadsheet"
"1610",7,21,0,8,0,42,0,"broadsheet"
"1710",7,15,0,17,0,24,0,"broadsheet"
"1810",8,9,0,30,0,14,0,"broadsheet"
"1910",10,42,0,31,8,32,0,"broadsheet"
"2010",7,10,0,0,0,21,0,"broadsheet"
"2110",17,26,0,32,0,21,0,"broadsheet"
"2210",11,11,0,11,0,20,0,"broadsheet"
"2310",4,8,0,14,0,8,0,"broadsheet"
"2410",4,27,0,3,0,4,0,"broadsheet"
"2510",19,8,0,40,0,25,0,"broadsheet"
"2610",32,34,0,14,0,22,0,"broadsheet"
"2710",28,61,0,20,0,27,0,"broadsheet"
"2810",37,49,6,32,8,38,0,"broadsheet"
"2910",8,7,0,32,0,12,1,"broadsheet"
"3010",8,33,0,8,0,12,0,"broadsheet"
"3110",7,2,0,28,0,9,0,"broadsheet"
"3210",16,16,8,52,0,17,0,"broadsheet"
"3310",3,9,0,18,2,15,0,"broadsheet"
"3410",1,10,0,1,0,15,2,"broadsheet"
"3510",14,19,0,8,0,18,0,"broadsheet"
"3610",10,20,0,10,0,0,0,"broadsheet"
"3710",8,32,0,10,0,53,0,"broadsheet"
"3810",6,29,14,21,0,3,0,"broadsheet"
"3910",5,15,3,4,2,4,0,"broadsheet"
"4010",49,51,0,19,2,33,0,"broadsheet"
"4110",38,22,6,25,0,9,1,"broadsheet"
"4210",13,6,25,13,0,23,0,"broadsheet"
"4310",11,14,0,5,4,2,0,"broadsheet"
"4410",1,3,0,0,0,4,5,"broadsheet"
"4510",23,24,0,14,22,8,0,"broadsheet"
"4610",18,9,0,22,0,12,1,"broadsheet"
"4710",5,31,0,26,0,12,0,"broadsheet"
"4810",13,19,22,43,0,8,0,"broadsheet"
"4910",11,13,0,19,0,7,0,"broadsheet"
"5010",4,20,3,6,0,10,0,"broadsheet"
"5110",13,30,0,25,2,12,0,"broadsheet"
"5210",13,72,0,41,0,9,0,"broadsheet"
"5310",9,8,0,24,0,5,0,"broadsheet"
"5410",14,72,3,29,0,7,1,"broadsheet"
"5510",18,55,0,21,4,6,0,"broadsheet"
"5610",11,16,3,15,2,27,2,"broadsheet"
"5710",4,8,0,15,0,16,0,"broadsheet"
"5810",13,23,3,54,0,17,0,"broadsheet"
"5910",21,42,0,17,0,28,1,"broadsheet"
"6010",33,14,0,9,0,24,1,"broadsheet"
"6110",14,4,0,21,0,10,1,"broadsheet"
"6210",7,33,0,22,0,13,1,"broadsheet"
"6310",11,33,18,27,0,23,0,"broadsheet"
"6410",32,12,0,5,0,18,2,"broadsheet"
"6510",14,63,3,32,0,16,0,"broadsheet"
"6610",22,16,0,25,0,6,0,"broadsheet"
"6710",4,9,0,86,0,22,0,"broadsheet"
"6810",15,39,5,28,2,24,0,"broadsheet"
"6910",13,53,0,12,0,16,0,"broadsheet"
"7010",20,24,0,17,0,32,0,"broadsheet"
"7110",20,15,3,17,2,6,0,"broadsheet"
"7210",16,43,4,38,2,2,0,"broadsheet"
"7310",4,26,0,24,0,11,0,"broadsheet"
"7410",8,32,0,41,0,20,0,"broadsheet"
"7510",6,8,0,29,0,4,0,"broadsheet"
"7610",3,15,8,28,2,34,0,"broadsheet"
"7710",17,13,0,19,0,5,4,"broadsheet"
"7810",4,13,0,6,2,5,0,"broadsheet"
"7910",26,63,0,10,0,8,3,"broadsheet"
"8010",3,9,0,4,0,4,1,"broadsheet"
"8110",1,39,2,6,2,11,0,"broadsheet"
"8210",21,21,0,21,0,6,4,"broadsheet"
"8310",15,39,3,63,18,31,0,"broadsheet"
"8410",20,21,3,59,0,32,0,"broadsheet"
"8510",115,73,0,79,2,142,0,"broadsheet"
"8610",6,47,0,20,0,14,0,"broadsheet"
"8710",9,27,0,27,2,16,0,"broadsheet"
"8810",5,57,0,41,0,28,0,"broadsheet"
"8910",38,11,0,13,0,15,2,"broadsheet"
"9010",6,6,0,8,0,24,0,"broadsheet"
"9110",10,35,0,14,0,9,2,"broadsheet"
"9210",24,12,0,45,0,7,0,"broadsheet"
"9310",5,20,0,43,0,11,0,"broadsheet"
"9410",5,32,0,50,0,10,1,"broadsheet"
"9510",8,48,0,41,2,24,0,"broadsheet"
"9610",17,21,0,22,0,38,1,"broadsheet"
"9710",76,9,0,1,0,40,2,"broadsheet"
"9810",43,40,0,38,0,24,0,"broadsheet"
"9910",6,15,22,27,2,4,0,"broadsheet"
"1001",7,8,0,14,2,40,0,"broadsheet"
"1011",18,5,0,20,0,7,3,"broadsheet"
"1021",20,5,0,24,0,7,0,"broadsheet"
"1031",5,22,0,16,0,3,1,"broadsheet"
"1041",6,46,0,27,0,9,0,"broadsheet"
"1051",10,22,0,13,0,42,0,"broadsheet"
"1061",16,53,6,25,0,9,0,"broadsheet"
"1071",14,54,0,10,0,41,0,"broadsheet"
"1081",1,12,0,38,0,4,0,"broadsheet"
"1091",12,36,0,13,0,6,0,"broadsheet"
"1101",5,31,0,21,0,6,0,"broadsheet"
"1111",14,21,0,33,0,27,0,"broadsheet"
"1121",3,13,0,17,0,10,0,"broadsheet"
"1131",7,10,0,6,14,15,0,"broadsheet"
"1141",4,23,0,18,0,20,0,"broadsheet"
"1151",9,53,0,18,0,10,0,"broadsheet"
"1161",12,55,0,67,4,33,0,"broadsheet"
"1171",7,36,0,8,0,8,0,"broadsheet"
"1181",17,33,6,22,0,11,0,"broadsheet"
"1191",3,24,0,17,0,11,0,"broadsheet"
"1201",9,6,0,19,0,14,0,"broadsheet"
"1211",3,8,0,7,0,14,0,"broadsheet"
"1221",15,21,0,51,0,29,0,"broadsheet"
"1231",30,7,0,3,0,18,0,"broadsheet"
"1241",6,21,4,16,0,6,0,"broadsheet"
"1251",7,23,0,18,0,17,0,"broadsheet"
"1261",27,33,0,39,0,77,0,"broadsheet"
"1271",11,19,0,4,0,23,0,"broadsheet"
"1281",28,37,3,47,0,33,0,"broadsheet"
"1291",27,33,0,11,0,10,1,"broadsheet"
"1301",5,38,0,4,0,6,2,"broadsheet"
"1311",25,57,6,15,0,28,1,"broadsheet"
"1321",10,10,9,28,2,10,0,"broadsheet"
"1331",5,9,0,9,0,15,0,"broadsheet"
"1341",7,30,0,24,0,2,0,"broadsheet"
"1351",15,16,0,12,0,2,0,"broadsheet"
"1361",29,14,0,22,0,31,1,"broadsheet"
"1371",12,29,0,34,0,15,0,"broadsheet"
"1381",1,18,6,22,0,10,0,"broadsheet"
"1391",9,27,0,38,0,22,0,"broadsheet"
"1401",22,38,0,20,0,18,0,"broadsheet"
"1411",18,26,3,4,0,28,0,"broadsheet"
"1421",17,25,3,8,0,20,1,"broadsheet"
"1431",7,41,0,35,0,15,0,"broadsheet"
"1441",35,69,0,13,8,24,0,"broadsheet"
"1451",5,31,0,36,0,16,0,"broadsheet"
"1461",39,39,0,8,2,6,0,"broadsheet"
"1471",12,13,0,42,0,13,0,"broadsheet"
"1481",16,21,4,29,0,44,0,"broadsheet"
"1491",13,50,0,21,2,28,0,"broadsheet"
"1501",17,29,0,19,0,13,0,"broadsheet"
"1511",8,19,7,25,0,22,0,"broadsheet"
"1521",9,39,3,17,12,4,0,"broadsheet"
"1531",4,16,0,0,2,19,0,"broadsheet"
"1541",11,19,4,17,0,23,3,"broadsheet"
"1551",8,15,0,2,0,2,2,"broadsheet"
"1561",11,16,0,34,0,20,0,"broadsheet"
"1571",0,30,0,59,0,10,0,"broadsheet"
"1581",15,25,0,41,0,15,0,"broadsheet"
"1591",1,10,3,18,2,9,0,"broadsheet"
"1601",3,22,3,8,0,21,0,"broadsheet"
"1611",19,9,0,40,0,24,1,"broadsheet"
"1621",4,55,0,26,0,26,0,"broadsheet"
"1631",16,37,0,52,6,5,1,"broadsheet"
"1641",43,39,3,22,0,48,0,"broadsheet"
"1651",9,28,0,9,4,7,0,"broadsheet"
"1661",30,36,9,67,0,17,0,"broadsheet"
"1671",9,14,0,9,0,2,0,"broadsheet"
"1681",10,42,3,58,0,22,0,"broadsheet"
"1691",23,47,0,45,0,14,0,"broadsheet"
"1701",30,28,3,47,0,15,0,"broadsheet"
"1711",15,18,0,41,22,12,0,"broadsheet"
"1721",15,36,0,42,0,12,0,"broadsheet"
"1731",23,21,0,5,0,25,1,"broadsheet"
"1741",16,27,0,15,0,16,0,"broadsheet"
"1751",34,3,0,10,0,11,0,"broadsheet"
"1761",32,12,0,29,0,16,5,"broadsheet"
"1771",37,56,0,54,2,25,0,"broadsheet"
"1781",6,23,0,11,0,9,0,"broadsheet"
"1791",8,5,0,19,0,12,0,"broadsheet"
"1801",12,19,3,5,30,21,0,"broadsheet"
"1811",19,17,2,21,0,24,0,"broadsheet"
"1821",16,37,0,26,0,58,0,"broadsheet"
"1831",31,3,0,18,0,27,0,"broadsheet"
"1841",5,27,0,2,0,1,0,"broadsheet"
"1851",11,26,0,21,8,6,0,"broadsheet"
"1861",7,13,0,14,0,16,0,"broadsheet"
"1871",8,41,0,16,0,4,0,"broadsheet"
"1881",26,27,0,12,0,23,0,"broadsheet"
"1891",18,49,0,21,0,30,2,"broadsheet"
"1901",44,134,0,56,0,9,0,"broadsheet"
"1911",37,14,0,32,0,8,0,"broadsheet"
"1921",18,43,5,22,4,12,0,"broadsheet"
"1931",16,54,0,23,0,26,0,"broadsheet"
"1941",7,21,0,29,0,28,0,"broadsheet"
"1951",0,0,0,4,0,0,0,"broadsheet"
"1961",20,17,0,30,0,4,0,"broadsheet"
"1971",7,10,0,10,0,19,0,"broadsheet"
"1981",38,4,0,16,2,10,0,"broadsheet"
"1991",5,49,18,40,8,16,0,"broadsheet"
"2001",11,21,0,10,0,14,0,"broadsheet"
"2011",1,21,0,12,0,2,0,"broadsheet"
"2021",15,17,0,18,2,11,3,"broadsheet"
"2031",12,4,2,4,0,6,0,"broadsheet"
"2041",3,22,0,20,0,26,0,"broadsheet"
"2051",13,22,2,3,0,16,1,"broadsheet"
"2061",14,39,0,8,4,4,0,"broadsheet"
"2071",24,43,0,31,0,36,0,"broadsheet"
"2081",10,8,0,0,0,13,1,"broadsheet"
"2091",4,3,0,4,0,14,0,"broadsheet"
"2101",2,21,0,30,0,40,0,"broadsheet"
"2111",134,37,3,8,0,11,1,"broadsheet"
"2121",24,20,0,37,0,16,0,"broadsheet"
"2131",5,19,0,19,2,17,0,"broadsheet"
"2141",79,82,0,70,2,50,1,"broadsheet"
"2151",3,4,0,9,0,4,1,"broadsheet"
"2161",4,15,0,10,6,9,0,"broadsheet"
"2171",25,73,0,40,0,57,0,"broadsheet"
"2181",8,22,0,22,0,2,0,"broadsheet"
"2191",14,16,0,38,0,8,6,"broadsheet"
"2201",8,12,0,46,0,21,0,"broadsheet"
"2211",6,16,0,5,0,6,0,"broadsheet"
"2221",3,13,0,12,0,17,0,"broadsheet"
"2231",15,8,0,5,0,18,15,"broadsheet"
"2241",9,9,0,29,0,16,0,"broadsheet"
"2251",34,26,0,15,0,5,0,"broadsheet"
"2261",9,19,0,7,8,22,2,"broadsheet"
"2271",18,7,0,3,2,15,0,"broadsheet"
"2281",8,7,2,8,0,18,0,"broadsheet"
"2291",1,7,0,7,0,2,0,"broadsheet"
"2301",3,24,0,10,5,0,0,"broadsheet"
"2311",5,19,0,26,0,15,0,"broadsheet"
"2321",13,12,0,20,2,10,0,"broadsheet"
"2331",15,18,0,35,0,51,2,"broadsheet"
"2341",3,7,0,5,0,20,0,"broadsheet"
"2351",3,29,6,36,0,10,0,"broadsheet"
"2361",15,28,0,6,0,6,1,"broadsheet"
"2371",12,49,0,26,2,8,0,"broadsheet"
"2381",6,38,0,19,0,27,0,"broadsheet"
"2391",14,27,2,32,0,50,0,"broadsheet"
"2401",5,13,0,11,2,17,0,"broadsheet"
"2411",11,7,0,12,0,14,2,"broadsheet"
"2421",7,21,2,11,2,1,0,"broadsheet"
"2431",17,20,0,12,2,21,0,"broadsheet"
"2441",14,20,0,14,2,23,0,"broadsheet"
"2451",8,8,3,23,4,6,0,"broadsheet"
"2461",5,18,2,5,0,10,0,"broadsheet"
"2471",11,27,8,44,0,11,0,"broadsheet"
"2481",7,38,0,30,0,57,0,"broadsheet"
"2491",12,12,0,15,0,31,0,"broadsheet"
"2501",2,15,0,19,0,6,0,"broadsheet"
"2511",12,23,0,9,0,2,0,"broadsheet"
"2521",11,61,0,49,0,18,0,"broadsheet"
"2531",3,62,0,36,0,21,0,"broadsheet"
"2541",20,55,49,44,0,16,0,"broadsheet"
"2551",5,43,0,26,0,9,0,"broadsheet"
"2561",6,30,8,9,0,13,0,"broadsheet"
"2571",12,16,0,26,4,19,0,"broadsheet"
"2581",17,7,0,3,22,4,0,"broadsheet"
"2591",22,9,0,19,0,20,0,"broadsheet"
"2601",13,26,9,48,0,22,0,"broadsheet"
"2611",7,11,0,34,0,19,0,"broadsheet"
"2621",9,18,10,18,4,22,1,"broadsheet"
"2631",1,12,9,25,0,25,0,"broadsheet"
"2641",50,37,0,21,0,22,0,"broadsheet"
"2651",23,28,0,10,0,13,0,"broadsheet"
"2661",35,39,0,17,0,13,0,"broadsheet"
"2671",8,27,0,9,0,25,0,"broadsheet"
"2681",27,27,0,9,0,10,0,"broadsheet"
"2691",14,21,3,17,0,14,5,"broadsheet"
"2701",15,22,6,10,0,11,0,"broadsheet"
"2711",36,41,0,26,0,18,0,"broadsheet"
"2721",6,37,0,21,2,62,0,"broadsheet"
"2731",7,53,0,9,0,5,0,"broadsheet"
"2741",4,14,0,30,0,15,0,"broadsheet"
"2751",8,21,0,24,0,16,0,"broadsheet"
"2761",3,8,0,28,0,0,0,"broadsheet"
"2771",2,16,0,12,0,5,0,"broadsheet"
"2781",11,18,0,4,4,14,0,"broadsheet"
"2791",3,27,0,8,2,25,4,"broadsheet"
"2801",6,33,0,36,0,5,0,"broadsheet"
"2811",8,5,0,11,0,10,0,"broadsheet"
"2821",25,8,4,39,2,13,4,"broadsheet"
"2831",14,41,0,1,0,17,0,"broadsheet"
"2841",3,22,2,25,0,15,0,"broadsheet"
"2851",12,22,6,14,34,12,0,"broadsheet"
"2861",25,17,3,35,0,61,0,"broadsheet"
"2871",12,17,0,38,4,24,0,"broadsheet"
"2881",9,49,0,13,0,29,0,"broadsheet"
"2891",16,18,0,16,0,18,0,"broadsheet"
"2901",5,16,0,12,0,26,0,"broadsheet"
"2911",9,6,3,23,0,5,0,"broadsheet"
"2921",1,22,0,20,0,16,0,"broadsheet"
"2931",27,19,0,32,0,7,0,"broadsheet"
"2941",11,19,0,31,0,69,0,"broadsheet"
"2951",51,27,0,51,0,50,0,"broadsheet"
"2961",9,15,0,30,0,27,0,"broadsheet"
"2971",10,11,0,10,6,12,0,"broadsheet"
"2981",23,31,0,14,6,9,0,"broadsheet"
"2991",15,88,0,52,6,24,0,"broadsheet"
"3001",6,24,0,10,6,20,0,"broadsheet"
"3011",8,59,0,7,0,24,0,"broadsheet"
"3021",4,19,0,7,0,6,0,"broadsheet"
"3031",9,18,0,69,0,6,0,"broadsheet"
"3041",5,35,0,13,0,7,0,"broadsheet"
"3051",8,52,0,20,4,14,0,"broadsheet"
"3061",6,16,0,27,0,4,0,"broadsheet"
"3071",29,17,0,28,0,16,0,"broadsheet"
"3081",54,8,0,24,6,6,0,"broadsheet"
"3091",13,26,0,17,0,18,0,"broadsheet"
"3101",10,47,0,16,0,15,0,"broadsheet"
"3111",11,13,0,29,2,18,0,"broadsheet"
"3121",8,12,2,15,0,13,1,"broadsheet"
"3131",12,7,0,30,0,11,1,"broadsheet"
"3141",26,27,0,15,0,20,1,"broadsheet"
"3151",14,46,0,10,4,9,0,"broadsheet"
"3161",7,12,0,6,0,18,0,"broadsheet"
"3171",24,2,0,2,0,20,0,"broadsheet"
"3181",9,12,0,17,0,46,0,"broadsheet"
"3191",6,10,0,5,0,1,0,"broadsheet"
"3201",47,30,0,94,0,8,1,"broadsheet"
"3211",13,35,3,20,0,24,0,"broadsheet"
"3221",2,10,0,15,10,26,0,"broadsheet"
"3231",7,25,0,46,0,25,0,"broadsheet"
"3241",11,36,0,12,0,12,0,"broadsheet"
"3251",8,11,0,11,0,15,0,"broadsheet"
"3261",6,13,8,8,0,18,0,"broadsheet"
"3271",14,61,0,29,0,12,0,"broadsheet"
"3281",26,12,0,45,0,4,0,"broadsheet"
"3291",14,17,2,6,4,2,0,"broadsheet"
"3301",6,56,0,7,2,9,0,"broadsheet"
"3311",5,27,0,24,0,6,0,"broadsheet"
"3321",5,44,0,37,0,0,0,"broadsheet"
"3331",9,14,0,14,0,28,0,"broadsheet"
"3341",4,11,0,5,0,2,1,"broadsheet"
"3351",27,19,0,24,0,2,0,"broadsheet"
"3361",7,4,9,12,0,10,0,"broadsheet"
"3371",6,49,0,34,2,13,0,"broadsheet"
"3381",32,10,0,26,0,5,1,"broadsheet"
"3391",9,21,0,6,0,21,0,"broadsheet"
"3401",2,26,0,6,2,5,0,"broadsheet"
"3411",18,28,0,5,0,19,0,"broadsheet"
"3421",4,6,0,8,0,4,3,"broadsheet"
"3431",36,8,0,5,0,28,0,"broadsheet"
"3441",8,30,0,15,0,17,0,"broadsheet"
"3451",6,28,0,19,0,19,0,"broadsheet"
"3461",10,9,3,20,0,40,0,"broadsheet"
"3471",24,65,0,73,0,58,2,"broadsheet"
"3481",0,7,0,4,0,0,0,"broadsheet"
"3491",9,30,0,43,0,19,0,"broadsheet"
"3501",7,52,0,47,0,18,2,"broadsheet"
"3511",7,13,6,5,0,2,0,"broadsheet"
"3521",19,33,0,27,0,20,0,"broadsheet"
"3531",10,11,0,13,0,21,1,"broadsheet"
"3541",22,8,0,17,0,16,0,"broadsheet"
"3551",9,35,0,77,0,4,0,"broadsheet"
"3561",41,34,3,34,4,8,0,"broadsheet"
"3571",10,29,0,4,8,21,0,"broadsheet"
"3581",5,20,0,10,0,22,5,"broadsheet"
"3591",3,24,8,77,0,10,8,"broadsheet"
"3601",44,7,0,31,0,27,0,"broadsheet"
"3611",16,27,0,6,0,7,0,"broadsheet"
"3621",8,16,0,1,0,7,0,"broadsheet"
"3631",13,15,0,7,2,15,0,"broadsheet"
"3641",8,64,0,25,0,10,1,"broadsheet"
"3651",11,26,0,7,0,7,0,"broadsheet"
"3661",5,3,0,31,0,17,0,"broadsheet"
"3671",13,9,0,30,0,23,0,"broadsheet"
"3681",16,30,0,11,0,13,0,"broadsheet"
"3691",1,5,0,28,2,9,0,"broadsheet"
"3701",4,11,0,28,0,14,0,"broadsheet"
"3711",14,14,0,24,12,22,0,"broadsheet"
"3721",12,22,0,30,0,24,0,"broadsheet"
"3731",10,20,0,7,0,17,0,"broadsheet"
"3741",13,27,0,33,0,35,0,"broadsheet"
"3751",16,38,3,71,0,62,0,"broadsheet"
"3761",11,43,0,16,0,24,0,"broadsheet"
"3771",4,34,0,13,0,24,0,"broadsheet"
"3781",12,56,0,52,0,9,0,"broadsheet"
"3791",34,30,0,14,2,57,0,"broadsheet"
"3801",7,18,0,4,0,14,0,"broadsheet"
"3811",15,83,0,4,0,10,1,"broadsheet"
"3821",22,17,3,8,0,33,0,"broadsheet"
"3831",13,33,0,5,0,7,2,"broadsheet"
"3841",8,36,0,25,0,16,0,"broadsheet"
"3851",20,38,0,34,0,12,0,"broadsheet"
"3861",3,3,0,2,0,15,0,"broadsheet"
"3871",8,52,0,20,0,19,0,"broadsheet"
"3881",40,3,0,15,0,25,0,"broadsheet"
"3891",18,30,0,40,0,5,2,"broadsheet"
"3901",29,14,0,27,0,4,0,"broadsheet"
"3911",18,30,0,29,0,2,1,"broadsheet"
"3921",5,23,0,13,3,62,0,"broadsheet"
"3931",39,13,0,28,0,31,0,"broadsheet"
"3941",13,16,0,6,0,22,0,"broadsheet"
"3951",22,11,0,17,0,16,0,"broadsheet"
"3961",23,20,0,22,4,38,0,"broadsheet"
"3971",10,48,0,4,2,10,1,"broadsheet"
"3981",3,58,0,20,0,17,0,"broadsheet"
"3991",7,28,0,37,0,6,0,"broadsheet"
"4001",2,3,0,7,0,8,0,"broadsheet"
"4011",22,52,0,39,2,24,0,"broadsheet"
"4021",22,10,0,39,4,18,0,"broadsheet"
"4031",2,38,0,25,0,20,2,"broadsheet"
"4041",17,15,0,8,0,19,0,"broadsheet"
"4051",4,7,0,4,0,16,0,"broadsheet"
"4061",11,41,0,47,0,4,1,"broadsheet"
"4071",5,27,0,4,0,6,0,"broadsheet"
"4081",4,5,5,12,0,7,1,"broadsheet"
"4091",4,31,12,21,0,2,0,"broadsheet"
"4101",12,27,0,9,0,12,1,"broadsheet"
"4111",22,46,3,24,0,12,0,"broadsheet"
"4121",19,19,0,49,0,40,0,"broadsheet"
"4131",26,43,0,12,0,37,0,"broadsheet"
"4141",12,39,0,9,2,12,0,"broadsheet"
"4151",15,36,9,33,0,29,0,"broadsheet"
"4161",9,26,0,29,0,7,0,"broadsheet"
"4171",11,19,0,48,0,14,0,"broadsheet"
"4181",2,36,0,18,0,26,0,"broadsheet"
"4191",6,16,0,22,0,5,0,"broadsheet"
"4201",8,39,12,13,0,20,0,"broadsheet"
"4211",7,31,0,10,6,7,0,"broadsheet"
"4221",7,21,2,14,4,9,0,"broadsheet"
"4231",4,18,0,21,0,18,0,"broadsheet"
"4241",4,43,0,24,0,26,0,"broadsheet"
"4251",95,115,0,71,6,28,0,"broadsheet"
"4261",22,34,11,51,0,25,0,"broadsheet"
"4271",11,24,0,13,0,38,0,"broadsheet"
"4281",0,9,0,6,0,4,4,"broadsheet"
"4291",7,30,0,11,0,15,0,"broadsheet"
"4301",7,46,0,33,0,15,0,"broadsheet"
"4311",3,23,0,9,2,0,0,"broadsheet"
"4321",13,27,0,25,0,19,0,"broadsheet"
"4331",47,38,0,37,0,8,0,"broadsheet"
"4341",37,17,0,1,0,13,0,"broadsheet"
"4351",3,13,0,13,0,20,0,"broadsheet"
"4361",3,6,0,12,0,15,2,"broadsheet"
"4371",13,16,0,51,0,10,0,"broadsheet"
"4381",16,55,6,33,14,15,0,"broadsheet"
"4391",6,27,0,3,14,6,0,"broadsheet"
"4401",24,30,0,38,0,25,0,"broadsheet"
"4411",5,12,0,5,0,11,0,"broadsheet"
"4421",11,12,0,17,6,19,0,"broadsheet"
"4431",0,10,0,14,0,12,0,"broadsheet"
"4441",15,40,0,18,0,17,0,"broadsheet"
"4451",45,74,3,34,0,44,0,"broadsheet"
"4461",6,7,0,10,0,21,0,"broadsheet"
"4471",2,11,0,11,0,16,0,"broadsheet"
"4481",1,7,0,11,0,12,0,"broadsheet"
"4491",2,15,0,4,0,2,0,"broadsheet"
"4501",16,39,0,28,0,26,0,"broadsheet"
"4511",15,29,3,8,0,30,0,"broadsheet"
"4521",11,21,0,6,0,6,0,"broadsheet"
"4531",12,23,0,26,0,19,0,"broadsheet"
"4541",8,9,3,4,0,10,0,"broadsheet"
"4551",3,34,0,18,0,35,0,"broadsheet"
"4561",14,16,0,10,0,21,0,"broadsheet"
"4571",12,9,0,5,0,2,0,"broadsheet"
"4581",10,27,0,13,0,15,0,"broadsheet"
"4591",13,26,0,7,0,35,0,"broadsheet"
"4601",6,15,0,27,0,6,0,"broadsheet"
"4611",7,33,0,48,0,16,0,"broadsheet"
"4621",9,19,3,40,0,27,0,"broadsheet"
"4631",2,17,2,11,0,13,0,"broadsheet"
"4641",36,36,0,21,0,3,0,"broadsheet"
"4651",11,11,0,17,0,16,0,"broadsheet"
"4661",10,15,5,13,0,11,0,"broadsheet"
"4671",9,43,2,2,0,15,0,"broadsheet"
"4681",23,48,0,33,4,38,0,"broadsheet"
"4691",11,34,13,129,14,15,0,"broadsheet"
"4701",19,53,3,18,0,26,0,"broadsheet"
"4711",14,14,0,21,8,3,0,"broadsheet"
"4721",8,21,7,33,2,12,0,"broadsheet"
"4731",1,10,0,0,0,18,0,"broadsheet"
"4741",10,26,0,10,0,14,0,"broadsheet"
"4751",7,21,3,31,0,18,0,"broadsheet"
"4761",4,3,0,3,0,4,0,"broadsheet"
"4771",11,55,0,73,0,27,0,"broadsheet"
"4781",5,19,0,15,0,14,0,"broadsheet"
"4791",6,5,0,14,0,22,0,"broadsheet"
"4801",14,10,0,13,4,19,0,"broadsheet"
"4811",7,25,0,11,0,10,0,"broadsheet"
"4821",10,13,0,5,2,4,0,"broadsheet"
"4831",7,60,0,37,0,20,0,"broadsheet"
"4841",6,18,0,3,0,20,0,"broadsheet"
"4851",12,10,0,18,2,7,0,"broadsheet"
"4861",6,15,0,12,0,29,4,"broadsheet"
"4871",14,9,0,8,0,26,0,"broadsheet"
"4881",12,16,0,47,0,28,0,"broadsheet"
"4891",7,15,0,20,0,5,0,"broadsheet"
"4901",5,21,0,6,0,17,0,"broadsheet"
"4911",16,24,0,17,0,21,0,"broadsheet"
"4921",11,31,0,30,0,26,0,"broadsheet"
"4931",15,37,0,22,0,25,0,"broadsheet"
"4941",14,20,5,18,0,28,0,"broadsheet"
"4951",4,11,0,22,0,13,0,"broadsheet"
"4961",3,23,0,27,0,7,0,"broadsheet"
"4971",2,8,0,14,0,4,0,"broadsheet"
"4981",5,25,0,12,0,15,1,"broadsheet"
"4991",10,74,36,37,0,6,0,"broadsheet"
"5001",5,25,0,11,0,10,0,"broadsheet"
"5011",11,33,0,28,0,42,0,"broadsheet"
"5021",25,30,0,18,0,2,0,"broadsheet"
"5031",7,29,0,21,6,4,0,"broadsheet"
"5041",21,97,0,10,0,6,0,"broadsheet"
"5051",9,7,0,19,0,7,1,"broadsheet"
"5061",14,54,0,11,0,11,0,"broadsheet"
"5071",6,12,0,0,0,15,0,"broadsheet"
"5081",11,22,0,15,0,29,1,"broadsheet"
"5091",14,24,0,25,8,10,0,"broadsheet"
"5101",1,41,3,7,0,17,0,"broadsheet"
"5111",50,58,0,22,0,18,0,"broadsheet"
"5121",9,21,2,15,8,8,0,"broadsheet"
"5131",12,18,0,18,0,38,0,"broadsheet"
"5141",8,34,2,6,0,16,0,"broadsheet"
"5151",3,4,6,9,0,3,0,"broadsheet"
"5161",9,28,0,20,0,33,0,"broadsheet"
"5171",14,17,0,5,2,13,0,"broadsheet"
"5181",13,25,0,32,0,23,0,"broadsheet"
"5191",17,21,0,37,0,33,0,"broadsheet"
"5201",6,20,6,7,4,9,0,"broadsheet"
"5211",12,16,0,25,0,19,0,"broadsheet"
"5221",8,28,0,7,6,32,0,"broadsheet"
"5231",10,53,0,51,0,23,0,"broadsheet"
"5241",9,8,0,11,0,26,0,"broadsheet"
"5251",15,18,0,15,0,8,0,"broadsheet"
"5261",8,37,0,17,0,8,0,"broadsheet"
"5271",15,34,0,4,0,7,0,"broadsheet"
"5281",25,22,16,31,6,33,0,"broadsheet"
"5291",32,9,0,29,8,6,0,"broadsheet"
"5301",1,28,0,8,0,0,0,"broadsheet"
"5311",1,5,0,14,6,12,0,"broadsheet"
"5321",32,9,0,9,0,19,0,"broadsheet"
"5331",9,35,0,4,0,14,0,"broadsheet"
"5341",11,40,0,12,0,26,0,"broadsheet"
"5351",2,4,0,12,0,1,0,"broadsheet"
"5361",20,30,22,51,4,12,0,"broadsheet"
"5371",11,25,0,9,0,11,0,"broadsheet"
"5381",1,13,0,8,0,11,0,"broadsheet"
"5391",4,20,3,20,0,10,0,"broadsheet"
"5401",15,19,0,43,0,8,0,"broadsheet"
"5411",10,19,0,10,0,39,0,"broadsheet"
"5421",15,15,0,45,0,7,0,"broadsheet"
"5431",1,16,0,11,0,7,0,"broadsheet"
"5441",10,20,9,9,0,15,0,"broadsheet"
"5451",0,8,0,11,0,8,2,"broadsheet"
"5461",9,15,0,9,0,28,0,"broadsheet"
"5471",13,17,2,18,4,12,0,"broadsheet"
"5481",9,15,0,22,0,4,0,"broadsheet"
"5491",8,28,0,44,0,16,0,"broadsheet"
"5501",19,18,0,24,0,17,0,"broadsheet"
"5511",3,19,0,21,0,14,0,"broadsheet"
"5521",5,12,0,28,0,18,0,"broadsheet"
"5531",4,34,0,24,0,54,0,"broadsheet"
"5541",8,27,0,31,0,8,0,"broadsheet"
"5551",14,54,0,15,2,4,0,"broadsheet"
"5561",19,73,26,15,0,38,0,"broadsheet"
"5571",20,51,0,15,0,47,0,"broadsheet"
"5581",11,41,0,31,0,8,0,"broadsheet"
"5591",15,19,0,11,0,14,0,"broadsheet"
"5601",7,38,0,3,0,4,0,"broadsheet"
"5611",17,9,0,10,0,2,0,"broadsheet"
"5621",14,11,0,9,0,8,4,"broadsheet"
"5631",9,45,0,19,2,15,0,"broadsheet"
"5641",10,33,0,32,0,8,0,"broadsheet"
"5651",16,23,0,18,0,6,0,"broadsheet"
"5661",12,6,0,26,0,100,0,"broadsheet"
"5671",5,18,0,5,0,10,0,"broadsheet"
"5681",3,32,0,26,0,31,0,"broadsheet"
"5691",32,57,3,48,0,32,0,"broadsheet"
"5701",8,24,0,13,10,11,0,"broadsheet"
"5711",7,20,0,11,2,19,0,"broadsheet"
"5721",11,13,0,28,0,20,0,"broadsheet"
"5731",10,29,0,16,0,14,0,"broadsheet"
"5741",14,37,3,16,2,21,0,"broadsheet"
"5751",4,13,0,16,0,30,0,"broadsheet"
"5761",2,21,4,10,2,8,0,"broadsheet"
"5771",47,140,3,61,4,62,0,"broadsheet"
"5781",19,43,0,14,0,3,3,"broadsheet"
"5791",24,23,0,12,4,8,0,"broadsheet"
"5801",12,9,0,8,0,33,0,"broadsheet"
"5811",1,7,0,2,0,38,0,"broadsheet"
"5821",5,7,0,10,0,13,0,"broadsheet"
"5831",6,17,0,6,0,16,0,"broadsheet"
"5841",16,5,0,13,0,30,0,"broadsheet"
"5851",11,43,2,10,0,8,0,"broadsheet"
"5861",15,30,0,24,0,26,0,"broadsheet"
"5871",6,15,6,28,0,9,0,"broadsheet"
"5881",10,12,2,11,0,38,0,"broadsheet"
"5891",6,15,0,5,0,31,0,"broadsheet"
"5901",8,22,0,25,0,12,0,"broadsheet"
"5911",18,34,0,7,0,14,0,"broadsheet"
"5921",25,13,0,13,0,12,0,"broadsheet"
"5931",10,39,0,3,0,27,0,"broadsheet"
"5941",7,8,0,33,0,18,0,"broadsheet"
"5951",3,17,0,13,0,29,0,"broadsheet"
"5961",7,11,0,11,4,7,0,"broadsheet"
"5971",3,30,2,33,0,5,0,"broadsheet"
"5981",4,16,0,6,0,13,0,"broadsheet"
"5991",7,18,6,1,13,2,0,"broadsheet"
"6001",7,13,0,8,2,23,2,"broadsheet"
"6011",7,27,0,21,0,18,0,"broadsheet"
"6021",25,30,0,36,0,33,1,"broadsheet"
"6031",5,3,0,4,0,4,0,"broadsheet"
"6041",5,15,0,14,0,7,0,"broadsheet"
"6051",12,28,0,17,0,25,1,"broadsheet"
"6061",21,44,0,20,2,16,0,"broadsheet"
"6071",10,14,0,27,0,19,1,"broadsheet"
"6081",1,55,0,24,0,17,0,"broadsheet"
"6091",11,10,0,7,4,19,0,"broadsheet"
"6101",1,22,0,26,4,15,0,"broadsheet"
"6111",1,28,0,15,0,7,0,"broadsheet"
"6121",5,12,0,31,4,10,0,"broadsheet"
"6131",9,35,0,58,0,48,0,"broadsheet"
"6141",7,19,0,9,0,4,0,"broadsheet"
"6151",34,37,0,23,0,61,0,"broadsheet"
"6161",42,21,0,48,0,18,0,"broadsheet"
"6171",8,15,0,17,0,37,0,"broadsheet"
"6181",12,25,3,24,0,2,0,"broadsheet"
"6191",9,11,0,4,0,15,0,"broadsheet"
"6201",19,104,18,59,8,24,8,"broadsheet"
"6211",10,15,0,25,0,19,0,"broadsheet"
"6221",9,20,0,14,0,10,0,"broadsheet"
"6231",14,17,0,23,16,14,0,"broadsheet"
"6241",11,13,0,12,0,21,0,"broadsheet"
"6251",9,14,0,26,2,9,0,"broadsheet"
"6261",23,34,0,14,0,8,3,"broadsheet"
"6271",13,24,0,28,0,11,0,"broadsheet"
"6281",6,10,0,30,0,19,0,"broadsheet"
"6291",17,7,3,18,0,32,0,"broadsheet"
"6301",13,21,2,20,0,19,0,"broadsheet"
"6311",3,20,0,18,0,5,0,"broadsheet"
"6321",4,31,0,9,2,16,0,"broadsheet"
"6331",18,30,0,14,0,22,0,"broadsheet"
"6341",2,18,2,23,0,2,0,"broadsheet"
"6351",10,12,0,8,0,12,1,"broadsheet"
"6361",10,44,0,11,0,14,0,"broadsheet"
"6371",16,67,0,11,0,26,1,"broadsheet"
"6381",0,12,0,16,0,10,0,"broadsheet"
"6391",5,20,0,11,2,10,0,"broadsheet"
"6401",14,52,0,37,0,22,0,"broadsheet"
"6411",9,19,0,32,4,15,0,"broadsheet"
"6421",5,50,0,27,0,11,0,"broadsheet"
"6431",33,18,0,10,0,17,2,"broadsheet"
"6441",10,22,0,10,0,17,0,"broadsheet"
"6451",25,36,0,3,0,8,0,"broadsheet"
"6461",8,39,0,34,0,37,0,"broadsheet"
"6471",34,25,0,32,0,15,0,"broadsheet"
"6481",27,87,0,53,16,32,0,"broadsheet"
"6491",9,15,0,15,0,16,0,"broadsheet"
"6501",3,6,10,5,2,10,0,"broadsheet"
"6511",3,23,0,27,0,32,0,"broadsheet"
"6521",2,19,12,10,0,16,0,"broadsheet"
"6531",7,3,0,3,0,22,0,"broadsheet"
"6541",9,19,0,6,0,11,0,"broadsheet"
"6551",15,44,0,16,4,12,2,"broadsheet"
"6561",13,16,0,42,0,49,0,"broadsheet"
"6571",2,7,9,13,10,2,0,"broadsheet"
"6581",8,80,0,35,0,12,0,"broadsheet"
"6591",35,13,0,2,0,26,0,"broadsheet"
"6601",3,15,9,0,6,4,1,"broadsheet"
"6611",9,7,3,6,0,17,0,"broadsheet"
"6621",3,16,0,24,2,19,0,"broadsheet"
"6631",21,25,0,33,2,62,0,"broadsheet"
"6641",6,40,6,5,0,7,0,"broadsheet"
"6651",3,9,0,4,0,16,0,"broadsheet"
"6661",7,17,0,14,0,12,1,"broadsheet"
"6671",9,24,0,11,0,6,1,"broadsheet"
"6681",15,48,2,42,0,14,0,"broadsheet"
"6691",15,49,0,19,2,22,0,"broadsheet"
"6701",6,5,0,13,4,15,0,"broadsheet"
"6711",26,18,0,38,0,33,0,"broadsheet"
"6721",2,10,2,15,0,22,0,"broadsheet"
"6731",17,17,0,0,0,14,0,"broadsheet"
"6741",3,40,0,10,0,5,0,"broadsheet"
"6751",11,47,6,84,0,31,0,"broadsheet"
"6761",18,39,0,25,0,15,0,"broadsheet"
"6771",12,6,0,5,0,14,0,"broadsheet"
"6781",6,23,0,18,0,4,0,"broadsheet"
"6791",11,7,0,5,0,12,2,"broadsheet"
"6801",2,24,0,9,0,6,0,"broadsheet"
"6811",7,11,0,19,30,3,0,"broadsheet"
"6821",7,34,0,6,2,6,2,"broadsheet"
"6831",42,44,0,69,0,8,0,"broadsheet"
"6841",4,24,0,57,0,35,0,"broadsheet"
"6851",4,30,0,21,0,14,0,"broadsheet"
"6861",7,21,0,28,0,30,0,"broadsheet"
"6871",7,9,0,8,4,9,0,"broadsheet"
"6881",28,11,0,24,0,11,0,"broadsheet"
"6891",3,16,0,5,0,0,1,"broadsheet"
"6901",8,26,0,6,0,7,0,"broadsheet"
"6911",1,15,0,10,0,2,0,"broadsheet"
"6921",6,9,0,6,0,7,4,"broadsheet"
"6931",18,38,6,35,2,37,0,"broadsheet"
"6941",16,36,0,22,0,13,0,"broadsheet"
"6951",8,16,0,8,2,9,0,"broadsheet"
"6961",11,17,0,36,0,10,0,"broadsheet"
"6971",25,41,0,5,2,19,4,"broadsheet"
"6981",16,17,3,22,0,22,0,"broadsheet"
"6991",2,6,4,22,0,16,0,"broadsheet"
"7001",7,14,0,6,0,9,0,"broadsheet"
"7011",7,18,2,22,0,2,0,"broadsheet"
"7021",14,29,0,16,2,0,0,"broadsheet"
"7031",13,24,0,12,0,10,0,"broadsheet"
"7041",7,28,0,20,0,3,0,"broadsheet"
"7051",59,40,0,47,0,0,0,"broadsheet"
"7061",11,18,0,32,4,0,0,"broadsheet"
"7071",4,27,0,19,0,11,0,"broadsheet"
"7081",5,23,2,11,2,9,0,"broadsheet"
"7091",5,9,0,8,0,4,1,"broadsheet"
"7101",16,32,0,44,0,8,0,"broadsheet"
"7111",27,36,0,26,2,8,0,"broadsheet"
"7121",2,29,0,20,0,7,0,"broadsheet"
"7131",10,41,0,24,0,25,1,"broadsheet"
"7141",12,12,0,5,0,6,1,"broadsheet"
"7151",3,20,3,18,0,4,0,"broadsheet"
"7161",2,26,0,39,8,6,1,"broadsheet"
"7171",16,10,0,62,0,26,0,"broadsheet"
"7181",21,10,0,6,0,8,0,"broadsheet"
"7191",4,21,0,16,0,19,0,"broadsheet"
"7201",35,59,0,17,2,19,0,"broadsheet"
"7211",2,20,0,38,0,10,0,"broadsheet"
"7221",4,34,6,22,0,14,0,"broadsheet"
"7231",3,19,3,13,0,16,0,"broadsheet"
"7241",25,20,0,23,2,48,0,"broadsheet"
"7251",17,31,0,46,0,11,0,"broadsheet"
"7261",12,11,0,28,0,7,1,"broadsheet"
"7271",10,46,9,40,2,18,0,"broadsheet"
"7281",13,31,0,26,0,63,0,"broadsheet"
"7291",16,43,0,6,4,30,0,"broadsheet"
"7301",31,26,0,43,0,43,0,"broadsheet"
"7311",24,43,0,40,0,16,1,"broadsheet"
"7321",27,23,13,23,0,20,0,"broadsheet"
"7331",1,10,0,9,0,2,2,"broadsheet"
"7341",2,4,0,6,0,63,0,"broadsheet"
"7351",8,21,0,11,0,18,2,"broadsheet"
"7361",10,6,2,15,4,35,1,"broadsheet"
"7371",3,8,0,4,0,5,0,"broadsheet"
"7381",20,10,0,31,0,10,0,"broadsheet"
"7391",10,8,0,5,0,5,0,"broadsheet"
"7401",2,40,0,9,0,28,0,"broadsheet"
"7411",7,38,0,17,0,30,0,"broadsheet"
"7421",8,35,9,38,2,12,0,"broadsheet"
"7431",5,29,0,27,0,0,1,"broadsheet"
"7441",34,11,0,9,0,26,0,"broadsheet"
"7451",12,28,0,17,0,19,0,"broadsheet"
"7461",9,19,0,33,14,2,0,"broadsheet"
"7471",29,3,0,14,0,21,0,"broadsheet"
"7481",30,23,0,18,0,33,0,"broadsheet"
"7491",7,19,0,40,0,9,0,"broadsheet"
"7501",8,28,0,20,0,20,0,"broadsheet"
"7511",56,12,0,0,0,30,0,"broadsheet"
"7521",9,24,0,11,0,19,1,"broadsheet"
"7531",5,3,0,21,0,5,0,"broadsheet"
"7541",7,25,0,13,0,20,2,"broadsheet"
"7551",12,20,0,25,0,9,0,"broadsheet"
"7561",6,6,2,17,0,7,0,"broadsheet"
"7571",4,15,0,4,0,22,1,"broadsheet"
"7581",2,13,0,24,0,32,1,"broadsheet"
"7591",6,10,0,6,6,15,0,"broadsheet"
"7601",16,12,2,13,2,15,0,"broadsheet"
"7611",6,6,0,28,0,10,0,"broadsheet"
"7621",14,16,0,3,6,7,0,"broadsheet"
"7631",3,24,0,7,0,2,0,"broadsheet"
"7641",7,17,17,14,2,18,0,"broadsheet"
"7651",14,16,0,6,0,22,0,"broadsheet"
"7661",4,18,0,14,0,11,0,"broadsheet"
"7671",6,20,4,24,0,23,0,"broadsheet"
"7681",8,23,0,6,0,18,1,"broadsheet"
"7691",3,16,0,55,0,10,0,"broadsheet"
"7701",15,16,3,23,2,11,0,"broadsheet"
"7711",2,13,0,26,0,8,0,"broadsheet"
"7721",0,19,0,53,0,18,0,"broadsheet"
"7731",24,102,0,62,0,29,0,"broadsheet"
"7741",10,33,8,19,0,6,0,"broadsheet"
"7751",14,36,5,31,0,12,1,"broadsheet"
"7761",7,93,15,26,2,17,0,"broadsheet"
"7771",1,21,0,14,0,4,1,"broadsheet"
"7781",5,11,0,22,0,16,0,"broadsheet"
"7791",7,31,0,4,0,10,2,"broadsheet"
"7801",12,21,20,20,0,10,0,"broadsheet"
"7811",11,25,0,32,28,4,0,"broadsheet"
"7821",18,34,0,13,0,9,0,"broadsheet"
"7831",7,28,0,17,0,1,0,"broadsheet"
"7841",20,87,0,21,0,40,1,"broadsheet"
"7851",18,13,0,23,0,19,1,"broadsheet"
"7861",12,8,0,14,0,3,0,"broadsheet"
"7871",5,7,0,22,0,15,0,"broadsheet"
"7881",6,13,0,19,0,13,0,"broadsheet"
"7891",17,13,0,13,0,16,0,"broadsheet"
"7901",4,10,0,2,0,5,0,"broadsheet"
"7911",13,22,3,16,8,6,0,"broadsheet"
"7921",10,20,0,16,0,15,0,"broadsheet"
"7931",10,23,0,12,0,29,0,"broadsheet"
"7941",7,49,0,24,0,19,0,"broadsheet"
"7951",7,18,0,9,6,0,0,"broadsheet"
"7961",5,20,0,2,0,4,2,"broadsheet"
"7971",11,12,0,13,0,11,0,"broadsheet"
"7981",8,19,0,0,0,3,3,"broadsheet"
"7991",31,31,0,4,0,2,0,"broadsheet"
"8001",62,44,0,58,0,12,1,"broadsheet"
"8011",6,15,0,8,0,36,0,"broadsheet"
"8021",11,9,0,3,0,57,0,"broadsheet"
"8031",27,26,0,35,0,12,0,"broadsheet"
"8041",6,17,0,35,10,65,0,"broadsheet"
"8051",9,9,0,19,2,23,0,"broadsheet"
"8061",14,68,3,52,2,24,0,"broadsheet"
"8071",5,41,0,13,0,18,0,"broadsheet"
"8081",0,14,0,2,2,2,0,"broadsheet"
"8091",10,21,0,33,0,10,0,"broadsheet"
"8101",16,66,0,43,2,8,0,"broadsheet"
"8111",12,6,0,10,0,21,0,"broadsheet"
"8121",8,26,2,12,0,3,0,"broadsheet"
"8131",11,43,0,21,0,21,0,"broadsheet"
"8141",5,9,2,7,0,12,0,"broadsheet"
"8151",11,26,0,2,4,3,0,"broadsheet"
"8161",19,10,0,16,8,13,0,"broadsheet"
"8171",38,44,0,14,0,14,0,"broadsheet"
"8181",10,25,0,21,2,14,0,"broadsheet"
"8191",5,54,0,46,0,24,0,"broadsheet"
"8201",14,23,14,23,0,20,0,"broadsheet"
"8211",6,15,0,44,0,19,0,"broadsheet"
"8221",29,15,0,17,2,2,0,"broadsheet"
"8231",9,12,0,10,12,11,0,"broadsheet"
"8241",17,21,0,26,0,11,0,"broadsheet"
"8251",5,6,0,8,2,4,0,"broadsheet"
"8261",5,13,25,4,8,3,0,"broadsheet"
"8271",19,27,0,36,0,42,0,"broadsheet"
"8281",7,23,2,24,0,6,0,"broadsheet"
"8291",28,23,0,14,0,13,0,"broadsheet"
"8301",10,8,2,14,2,5,0,"broadsheet"
"8311",4,31,0,61,0,24,0,"broadsheet"
"8321",11,5,0,27,0,25,0,"broadsheet"
"8331",42,78,0,37,4,53,0,"broadsheet"
"8341",6,10,0,32,0,15,0,"broadsheet"
"8351",29,20,0,28,6,19,1,"broadsheet"
"8361",19,13,3,29,10,5,0,"broadsheet"
"8371",3,21,0,20,0,0,0,"broadsheet"
"8381",9,9,0,4,0,16,0,"broadsheet"
"8391",13,31,6,28,2,10,0,"broadsheet"
"8401",16,25,0,28,2,60,0,"broadsheet"
"8411",9,24,0,8,0,16,0,"broadsheet"
"8421",4,32,0,20,0,12,0,"broadsheet"
"8431",13,22,3,14,0,17,0,"broadsheet"
"8441",6,37,0,18,0,20,0,"broadsheet"
"8451",22,20,3,14,0,2,0,"broadsheet"
"8461",9,35,0,13,0,25,0,"broadsheet"
"8471",28,20,0,7,4,12,0,"broadsheet"
"8481",7,25,0,5,0,10,1,"broadsheet"
"8491",13,42,0,28,0,122,0,"broadsheet"
"8501",7,14,11,8,4,29,0,"broadsheet"
"8511",12,10,0,0,0,10,0,"broadsheet"
"8521",7,24,0,26,0,11,2,"broadsheet"
"8531",3,12,0,14,0,12,0,"broadsheet"
"8541",20,74,0,26,12,13,0,"broadsheet"
"8551",10,23,0,21,0,6,0,"broadsheet"
"8561",5,12,0,16,0,2,0,"broadsheet"
"8571",21,17,0,26,0,32,0,"broadsheet"
"8581",32,46,0,18,0,13,0,"broadsheet"
"8591",25,21,3,24,0,10,0,"broadsheet"
"8601",5,38,0,7,16,4,0,"broadsheet"
"8611",15,10,0,4,0,21,0,"broadsheet"
"8621",4,15,0,13,0,12,0,"broadsheet"
"8631",16,16,0,24,0,30,0,"broadsheet"
"8641",6,22,0,25,0,6,0,"broadsheet"
"8651",38,69,0,66,0,37,0,"broadsheet"
"8661",17,23,0,27,2,19,2,"broadsheet"
"8671",6,10,0,2,2,11,0,"broadsheet"
"8681",5,17,0,10,2,11,0,"broadsheet"
"8691",30,11,0,9,0,25,0,"broadsheet"
"8701",6,28,0,5,0,19,0,"broadsheet"
"8711",10,33,0,7,2,17,0,"broadsheet"
"8721",3,13,0,11,0,3,0,"broadsheet"
"8731",22,20,0,15,0,17,0,"broadsheet"
"8741",8,12,0,13,0,25,0,"broadsheet"
"8751",19,33,0,21,0,20,0,"broadsheet"
"8761",9,7,0,11,0,36,0,"broadsheet"
"8771",6,15,3,45,4,12,0,"broadsheet"
"8781",10,30,3,51,0,17,1,"broadsheet"
"8791",3,4,0,2,0,10,0,"broadsheet"
"8801",14,79,0,10,0,7,0,"broadsheet"
"8811",18,21,0,5,2,30,0,"broadsheet"
"8821",25,8,0,4,0,21,1,"broadsheet"
"8831",7,15,2,20,0,26,0,"broadsheet"
"8841",7,33,6,9,0,9,0,"broadsheet"
"8851",4,46,0,5,0,4,1,"broadsheet"
"8861",3,6,2,7,2,4,0,"broadsheet"
"8871",16,34,2,45,0,18,2,"broadsheet"
"8881",6,11,6,18,0,4,0,"broadsheet"
"8891",9,33,0,7,4,5,0,"broadsheet"
"8901",12,15,0,19,0,2,0,"broadsheet"
"8911",10,55,0,48,0,14,0,"broadsheet"
"8921",15,20,0,13,0,15,0,"broadsheet"
"8931",31,20,0,12,4,11,2,"broadsheet"
"8941",3,15,0,14,0,4,0,"broadsheet"
"8951",5,18,0,4,0,11,0,"broadsheet"
"8961",5,3,0,43,0,14,0,"broadsheet"
"8971",1,24,0,15,0,4,0,"broadsheet"
"8981",5,76,0,51,0,22,1,"broadsheet"
"8991",10,4,0,22,0,2,2,"broadsheet"
"9001",10,7,4,17,0,28,0,"broadsheet"
"9011",4,30,0,18,2,2,0,"broadsheet"
"9021",13,34,0,9,0,8,0,"broadsheet"
"9031",15,16,0,16,2,27,0,"broadsheet"
"9041",18,26,0,20,0,28,0,"broadsheet"
"9051",6,18,0,11,20,6,0,"broadsheet"
"9061",5,26,0,0,0,18,0,"broadsheet"
"9071",16,39,3,56,0,68,0,"broadsheet"
"9081",3,9,0,14,0,6,2,"broadsheet"
"9091",10,13,0,36,0,0,0,"broadsheet"
"9101",38,49,0,56,4,41,2,"broadsheet"
"9111",13,6,0,14,0,42,0,"broadsheet"
"9121",6,15,0,19,0,8,0,"broadsheet"
"9131",7,63,0,16,0,10,1,"broadsheet"
"9141",9,17,0,14,0,20,0,"broadsheet"
"9151",9,3,0,21,0,11,0,"broadsheet"
"9161",13,22,0,4,0,9,0,"broadsheet"
"9171",16,27,0,57,0,34,1,"broadsheet"
"9181",12,5,0,12,0,46,0,"broadsheet"
"9191",46,14,0,39,16,0,0,"broadsheet"
"9201",10,12,14,18,0,18,0,"broadsheet"
"9211",5,13,0,13,2,6,0,"broadsheet"
"9221",5,24,15,5,0,13,0,"broadsheet"
"9231",0,18,0,14,2,0,0,"broadsheet"
"9241",4,14,0,4,0,1,0,"broadsheet"
"9251",38,46,0,15,0,37,0,"broadsheet"
"9261",2,1,3,20,0,0,0,"broadsheet"
"9271",29,36,0,5,12,27,0,"broadsheet"
"9281",7,14,0,18,0,11,0,"broadsheet"
"9291",5,18,10,30,0,8,0,"broadsheet"
"9301",6,17,0,3,0,13,0,"broadsheet"
"9311",0,7,0,4,0,8,0,"broadsheet"
"9321",4,35,0,24,0,12,0,"broadsheet"
"9331",12,35,0,28,6,10,0,"broadsheet"
"9341",6,10,0,15,0,24,2,"broadsheet"
"9351",9,18,0,16,0,8,1,"broadsheet"
"9361",24,19,0,2,0,0,0,"broadsheet"
"9371",3,5,0,9,0,22,0,"broadsheet"
"9381",3,25,0,7,6,9,0,"broadsheet"
"9391",1,0,0,16,0,14,0,"broadsheet"
"9401",8,14,0,8,0,2,0,"broadsheet"
"9411",24,58,0,4,0,15,1,"broadsheet"
"9421",3,16,0,33,0,14,0,"broadsheet"
"9431",8,18,0,6,0,17,0,"broadsheet"
"9441",13,18,13,11,0,18,0,"broadsheet"
"9451",1,15,2,9,6,0,0,"broadsheet"
"9461",16,21,0,22,0,14,2,"broadsheet"
"9471",2,25,0,16,0,13,0,"broadsheet"
"9481",8,7,0,30,0,7,0,"broadsheet"
"9491",13,7,0,8,0,4,0,"broadsheet"
"9501",7,30,3,8,0,2,0,"broadsheet"
"9511",30,28,0,17,0,18,0,"broadsheet"
"9521",32,42,0,20,0,9,0,"broadsheet"
"9531",4,6,0,9,0,11,0,"broadsheet"
"9541",8,26,0,32,0,27,0,"broadsheet"
"9551",23,44,0,51,4,12,0,"broadsheet"
"9561",3,37,3,15,0,54,0,"broadsheet"
"9571",11,29,0,14,0,20,0,"broadsheet"
"9581",12,14,4,18,0,45,1,"broadsheet"
"9591",14,43,0,8,0,14,0,"broadsheet"
"9601",4,19,0,9,0,28,1,"broadsheet"
"9611",3,57,0,5,0,6,0,"broadsheet"
"9621",6,25,0,18,0,8,0,"broadsheet"
"9631",7,31,0,18,0,12,0,"broadsheet"
"9641",9,31,0,7,13,4,0,"broadsheet"
"9651",6,22,0,11,0,24,0,"broadsheet"
"9661",24,33,0,14,0,32,0,"broadsheet"
"9671",2,9,3,10,0,6,0,"broadsheet"
"9681",25,28,0,34,0,22,0,"broadsheet"
"9691",4,35,0,30,0,12,1,"broadsheet"
"9701",14,28,5,17,0,32,0,"broadsheet"
"9711",7,15,0,6,2,2,0,"broadsheet"
"9721",10,17,0,0,0,7,0,"broadsheet"
"9731",14,44,0,55,2,28,0,"broadsheet"
"9741",10,17,2,7,2,14,0,"broadsheet"
"9751",5,9,0,17,0,27,0,"broadsheet"
"9761",6,19,0,4,0,15,0,"broadsheet"
"9771",13,11,2,44,0,9,0,"broadsheet"
"9781",4,39,2,13,0,23,0,"broadsheet"
"9791",14,22,4,43,0,2,0,"broadsheet"
"9801",3,15,0,16,0,21,0,"broadsheet"
"9811",8,28,0,8,0,3,0,"broadsheet"
"9821",19,36,0,22,0,37,0,"broadsheet"
"9831",11,95,3,13,2,10,0,"broadsheet"
"9841",10,11,0,13,0,4,2,"broadsheet"
"9851",1,10,2,21,2,8,0,"broadsheet"
"9861",8,19,0,3,0,7,0,"broadsheet"
"9871",14,49,0,20,0,4,0,"broadsheet"
"9881",12,58,0,56,0,22,0,"broadsheet"
"9891",29,32,0,19,0,21,0,"broadsheet"
"9901",7,40,0,7,0,22,0,"broadsheet"
"9911",12,11,0,9,0,6,0,"broadsheet"
"9921",23,21,0,16,2,13,0,"broadsheet"
"9931",20,31,0,39,2,11,0,"broadsheet"
"9941",6,11,0,3,2,22,0,"broadsheet"
"9951",14,7,0,12,0,9,0,"broadsheet"
"9961",58,12,0,24,0,26,0,"broadsheet"
"9971",17,7,0,6,0,22,0,"broadsheet"
"9981",27,34,9,48,4,28,0,"broadsheet"
"9991",14,10,3,14,0,5,0,"broadsheet"
"10001",9,24,0,5,0,4,0,"broadsheet"
